Date,Open,High,Low,Close,Daily_Return
2021-09-01,14611.65,14640.6,14527.05,14551.35,
2021-09-02,14571.3,14692.0,14548.5,14684.35,0.009140045425338528
2021-09-03,14724.7,14770.85,14682.2,14759.3,0.005104073384249119
2021-09-06,14827.05,14843.4,14783.45,14805.85,0.0031539436152121514
2021-09-07,14834.95,14852.25,14713.55,14784.25,-0.0014588828064582282
2021-09-08,14802.85,14825.1,14716.65,14803.6,0.0013088252701354275
2021-09-09,14780.6,14844.4,14774.15,14836.45,0.0022190548245022423
2021-09-13,14839.8,14865.75,14769.1,14852.2,0.0010615747028432931
2021-09-14,14917.05,14935.55,14881.55,14904.35,0.003511264324477237
2021-09-15,14927.95,15028.65,14921.1,15020.55,0.0077963815932931
2021-09-16,15050.85,15115.35,15012.25,15104.9,0.005615639906661141
2021-09-17,15169.9,15207.7,14979.35,15027.25,-0.005140715926619799
2021-09-20,14907.5,15047.65,14800.85,14826.75,-0.013342427922607314
2021-09-21,14856.85,14959.45,14734.7,14946.3,0.008063129141585357
2021-09-22,14977.3,15030.85,14950.35,14990.55,0.002960598944220294
2021-09-23,15097.1,15219.35,15085.55,15205.45,0.014335698156505261
2021-09-24,15274.1,15305.2,15160.45,15191.95,-0.0008878395575270259
2021-09-27,15261.35,15262.65,15139.6,15189.05,-0.00019089057033505608
2021-09-28,15235.1,15239.65,14967.05,15095.6,-0.006152458514521952
2021-09-29,15023.3,15141.05,14985.4,15086.95,-0.0005730146532764158
2021-09-30,15109.7,15137.55,15026.95,15052.65,-0.0022734880144761327
2021-10-01,14994.8,15031.55,14932.75,15013.95,-0.002570975874679804
2021-10-04,15094.4,15195.2,15075.25,15181.15,0.011136309898460928
2021-10-05,15171.25,15287.7,15150.5,15280.1,0.006517951538585809
2021-10-06,15328.95,15349.2,15109.1,15134.55,-0.009525461220803555
2021-10-07,15274.65,15335.95,15251.0,15290.15,0.010281111760838568
2021-10-08,15375.3,15402.7,15317.4,15365.2,0.00490838873392363
2021-10-11,15374.5,15497.8,15356.55,15428.0,0.004087157993387658
2021-10-12,15426.6,15493.25,15371.8,15481.9,0.0034936479128855336
2021-10-13,15573.6,15660.2,15546.85,15631.4,0.009656437517358896
2021-10-14,15733.3,15781.0,15710.1,15769.25,0.00881878782450718
2021-10-18,15924.1,15949.2,15871.4,15886.15,0.007413161691266268
2021-10-19,16003.95,16004.45,15716.7,15757.85,-0.008076217333967017
2021-10-20,15768.0,15776.35,15497.0,15568.65,-0.012006714113917849
2021-10-21,15666.6,15667.0,15373.45,15487.65,-0.005202763245368058
2021-10-22,15537.05,15600.45,15328.9,15399.7,-0.005678718204504829
2021-10-25,15492.0,15498.4,15181.6,15334.35,-0.004243589160827788
2021-10-26,15360.35,15528.9,15356.5,15499.65,0.010779720040301699
2021-10-27,15541.75,15583.2,15454.1,15484.35,-0.0009871190639788585
2021-10-28,15475.4,15475.45,15148.2,15190.85,-0.01895462192471753
2021-10-29,15163.5,15266.4,14961.5,15086.9,-0.006842935056300403
2021-11-01,15179.4,15318.15,15111.3,15302.7,0.014303799985417864
2021-11-02,15344.35,15373.7,15278.7,15314.65,0.0007809079443497069
2021-11-03,15367.7,15397.3,15212.15,15282.75,-0.0020829728397319114
2021-11-04,15380.95,15396.85,15363.35,15376.9,0.0061605404786442275
2021-11-08,15474.25,15535.05,15313.2,15520.15,0.009315921934850424
2021-11-09,15542.05,15579.5,15487.7,15541.95,0.0014046255996238433
2021-11-10,15492.05,15562.45,15458.5,15521.1,-0.001341530502929178
2021-11-11,15497.25,15499.9,15351.2,15411.1,-0.0070871265567518105
2021-11-12,15504.35,15591.45,15429.6,15579.0,0.010894744697004022
2021-11-15,15625.75,15664.45,15558.05,15592.6,0.0008729700237499749
2021-11-16,15613.1,15626.65,15492.6,15525.4,-0.004309736669958819
2021-11-17,15487.15,15560.75,15436.95,15454.95,-0.0045377252759992714
2021-11-18,15461.5,15502.6,15239.8,15302.55,-0.00986091834654923
2021-11-22,15333.9,15339.65,14846.7,14976.7,-0.02129383664814022
2021-11-23,14876.0,15137.15,14820.4,15107.8,0.008753597254401724
2021-11-24,15159.95,15199.2,14997.3,15046.5,-0.004057506718383785
2021-11-25,15057.6,15166.65,14984.7,15150.6,0.006918552487289453
2021-11-26,14990.85,15012.1,14674.75,14707.2,-0.029266167676527677
2021-11-29,14683.05,14749.5,14402.1,14656.45,-0.003450690818102675
2021-11-30,14662.05,14912.75,14608.6,14648.35,-0.0005526577036049085
2021-12-01,14743.7,14822.5,14694.3,14784.7,0.009308215601074643
2021-12-02,14808.8,14990.3,14786.65,14973.95,0.012800395002942278
2021-12-03,15002.65,15054.95,14845.25,14856.3,-0.007856978285622818
2021-12-06,14876.25,14882.15,14599.35,14618.35,-0.016016774028526526
2021-12-07,14733.25,14881.75,14683.25,14834.5,0.014786210482031104
2021-12-08,14945.3,15084.5,14941.3,15073.25,0.016094239778893904
2021-12-09,15126.55,15141.0,15023.2,15126.6,0.0035393826812399887
2021-12-10,15103.65,15168.8,15069.8,15155.0,0.0018774873401821157
2021-12-13,15258.1,15280.0,15052.9,15064.25,-0.005988122731771739
2021-12-14,15005.5,15072.0,14947.95,15043.25,-0.0013940289095042413
2021-12-15,15050.1,15075.7,14936.6,14953.1,-0.005992720987818445
2021-12-16,15072.95,15078.85,14891.6,14936.45,-0.0011134814854444341
2021-12-17,14952.75,14966.1,14658.5,14673.15,-0.01762801736691122
2021-12-20,14523.5,14533.8,14128.15,14300.7,-0.025383097698858048
2021-12-21,14423.7,14584.95,14386.45,14461.4,0.011237212164439514
2021-12-22,14542.7,14652.35,14522.55,14639.75,0.012332830846252918
2021-12-23,14738.3,14779.3,14708.7,14751.45,0.007629911712973225
2021-12-24,14813.9,14819.2,14605.05,14664.8,-0.00587399882723405
2021-12-27,14617.15,14745.55,14515.25,14727.6,0.004282363209863194
2021-12-28,14809.5,14880.85,14805.3,14867.85,0.009522936527336379
2021-12-29,14866.2,14922.35,14835.35,14863.4,-0.0002993035307727876
2021-12-30,14856.1,14894.65,14815.0,14842.05,-0.0014364142793708012
2021-12-31,14879.25,15022.35,14877.85,14996.2,0.01038603157919571
2022-01-03,15030.5,15220.05,15028.55,15204.6,0.013896853869646897
2022-01-04,15260.9,15333.6,15168.15,15318.75,0.007507596385304405
2022-01-05,15329.75,15410.6,15264.85,15396.4,0.00506895144838837
2022-01-06,15275.75,15315.5,15197.1,15290.1,-0.006904211374087366
2022-01-07,15333.45,15418.4,15255.45,15348.55,0.003822734972302344
2022-01-10,15427.65,15504.0,15400.55,15495.55,0.009577451941714443
2022-01-11,15497.5,15559.1,15462.05,15530.55,0.0022587129853408605
2022-01-12,15627.05,15678.7,15595.65,15667.9,0.008843859361065798
2022-01-13,15710.3,15730.95,15629.45,15721.05,0.0033922861391761927
2022-01-14,15667.95,15754.45,15619.55,15730.4,0.0005947439897462381
2022-01-17,15731.35,15794.95,15718.25,15781.25,0.003232594212480233
2022-01-18,15819.45,15834.2,15546.65,15573.1,-0.01318970297029698
2022-01-19,15580.4,15580.4,15403.2,15472.5,-0.006459857061214547
2022-01-20,15464.45,15486.15,15280.55,15361.1,-0.007199870738406777
2022-01-21,15252.9,15294.7,15069.05,15180.8,-0.011737440678076472
2022-01-24,15155.0,15165.4,14577.15,14712.05,-0.03087781935075884
2022-01-25,14577.55,14853.0,14410.9,14832.2,0.008166774854626135
2022-01-27,14671.7,14735.75,14489.8,14679.7,-0.010281684443305794
2022-01-28,14773.05,14952.15,14701.6,14723.25,0.00296668188041993
2022-01-31,14894.75,14975.8,14857.55,14921.45,0.013461701730256515
2022-02-01,15073.15,15138.2,14850.3,15116.2,0.013051680634254659
2022-02-02,15218.25,15304.6,15201.45,15293.35,0.011719215146663853
2022-02-03,15289.15,15296.35,15101.0,15135.9,-0.010295324438399756
2022-02-04,15159.6,15188.4,15048.35,15085.45,-0.003333135129063969
2022-02-07,15065.05,15126.65,14796.2,14870.6,-0.014242200265819127
2022-02-08,14926.5,14955.25,14689.15,14857.05,-0.0009111938993719981
2022-02-09,14942.75,15026.5,14925.05,15016.35,0.010722182398255509
2022-02-10,15084.35,15134.1,14972.35,15112.2,0.0063830424836928135
2022-02-11,14988.95,14990.6,14862.05,14891.3,-0.014617329045407135
2022-02-14,14606.55,14638.65,14370.7,14400.4,-0.03296555707023563
2022-02-15,14469.0,14822.75,14348.4,14805.55,0.0281346351490237
2022-02-16,14876.65,14935.6,14756.5,14789.9,-0.0010570360439159376
2022-02-17,14857.1,14895.65,14725.05,14772.05,-0.001206904711999468
2022-02-18,14711.3,14815.0,14692.65,14710.7,-0.004153113481202619
2022-02-21,14638.35,14733.1,14498.2,14597.1,-0.007722270184287616
2022-02-22,14269.45,14527.2,14267.6,14489.05,-0.007402155222612783
2022-02-23,14581.05,14629.05,14482.3,14506.95,0.0012354157104850216
2022-02-24,14055.85,14180.85,13747.45,13775.7,-0.050406873946625574
2022-02-25,14018.1,14247.05,14007.7,14187.4,0.02988595860827381
2022-02-28,14047.75,14320.95,13928.8,14307.95,0.00849697619014056
2022-03-02,14161.7,14265.5,14104.75,14199.8,-0.0075587348292384116
2022-03-03,14327.7,14364.6,14094.3,14135.95,-0.0044965422048196535
2022-03-04,14020.2,14075.0,13828.45,13893.15,-0.017176065280366748
2022-03-07,13594.75,13637.5,13438.3,13564.25,-0.023673536958860986
2022-03-08,13504.75,13720.1,13423.55,13706.75,0.010505556886668987
2022-03-09,13786.4,14037.65,13721.95,13979.6,0.01990625056997475
2022-03-10,14313.2,14316.8,14079.85,14189.0,0.014978969355346372
2022-03-11,14145.5,14268.3,14098.7,14237.15,0.0033934738177461288
2022-03-14,14248.9,14389.35,14189.1,14374.6,0.009654319860365357
2022-03-15,14408.75,14433.75,14130.9,14215.85,-0.01104378556620711
2022-03-16,14392.55,14491.45,14369.5,14481.8,0.01870799143209867
2022-03-17,14667.2,14756.55,14644.75,14721.7,0.01656562029581976
2022-03-21,14773.05,14789.85,14590.7,14602.35,-0.008107080024725377
2022-03-22,14613.1,14738.15,14492.25,14724.05,0.008334274962591648
2022-03-23,14806.6,14833.3,14660.45,14695.15,-0.0019627751875332944
2022-03-24,14598.75,14744.7,14595.7,14699.35,0.000285808583103897
2022-03-25,14763.9,14768.3,14590.45,14651.7,-0.0032416399364597615
2022-03-28,14686.25,14694.85,14515.65,14675.85,0.0016482728966604743
2022-03-29,14744.05,14773.15,14689.6,14761.9,0.005863374182756065
2022-03-30,14880.7,14924.75,14823.55,14896.9,0.00914516424037548
2022-03-31,14925.55,14963.4,14871.0,14894.5,-0.00016110734448104846
2022-04-01,14890.1,15111.35,14882.6,15087.3,0.012944375440598899
2022-04-04,15192.8,15393.35,15184.7,15384.2,0.019678802701610154
2022-04-05,15433.05,15477.8,15360.2,15390.5,0.0004095110567985394
2022-04-06,15318.15,15387.4,15293.85,15327.9,-0.0040674442025925295
2022-04-07,15292.35,15361.2,15185.7,15201.25,-0.008262710482192626
2022-04-08,15271.35,15386.1,15202.5,15342.4,0.009285420606857997
2022-04-11,15337.5,15386.85,15294.3,15325.5,-0.0011015225779539284
2022-04-12,15281.85,15283.35,15078.45,15164.7,-0.010492316727023554
2022-04-13,15239.65,15284.7,15126.65,15138.55,-0.0017243994276181507
2022-04-18,14942.6,14971.5,14821.25,14926.05,-0.014037011470715455
2022-04-19,15012.75,15041.65,14617.05,14726.65,-0.013359194160544763
2022-04-20,14807.15,14905.25,14747.95,14850.3,0.008396342684860336
2022-04-21,14946.3,15067.45,14929.15,15053.95,0.01371352767284173
2022-04-22,14948.1,15015.35,14875.8,14894.85,-0.010568654738457361
2022-04-25,14758.6,14769.1,14623.1,14673.0,-0.014894409812787668
2022-04-26,14818.8,14915.35,14785.85,14898.35,0.015358140802835152
2022-04-27,14797.35,14825.55,14678.95,14756.0,-0.009554749351438296
2022-04-28,14886.5,14964.6,14765.85,14913.9,0.010700731905665561
2022-04-29,14991.45,15011.7,14743.35,14783.35,-0.008753578876081969
2022-05-02,14647.25,14751.05,14617.75,14736.3,-0.0031826345178866955
2022-05-04,14771.45,14798.3,14343.6,14393.35,-0.023272463237040464
2022-05-05,14542.15,14606.05,14365.55,14395.5,0.0001493745375469313
2022-05-06,14159.1,14205.0,14073.45,14145.75,-0.017349171616130032
2022-05-09,14002.75,14088.3,13879.55,13991.75,-0.010886662071647013
2022-05-10,13953.95,14068.4,13823.35,13855.95,-0.009705719441813865
2022-05-11,13888.15,13949.1,13589.35,13771.8,-0.006073203208729949
2022-05-12,13656.95,13671.0,13389.75,13465.25,-0.022259254418449226
2022-05-13,13621.2,13738.55,13435.05,13471.5,0.0004641577393662555
2022-05-16,13540.25,13646.3,13434.45,13571.2,0.007400809115540197
2022-05-17,13648.45,13944.7,13632.15,13926.05,0.026147282480546874
2022-05-18,13989.35,14064.0,13896.6,13918.2,-0.0005636917862565927
2022-05-19,13625.75,13680.65,13520.95,13550.9,-0.026389906740814317
2022-05-20,13755.05,13906.4,13733.55,13895.05,0.025396837110450265
2022-05-23,13929.75,14005.5,13813.6,13835.8,-0.0042641084414953845
2022-05-24,13858.05,13883.55,13709.4,13747.25,-0.006400063603116513
2022-05-25,13805.1,13821.4,13574.5,13587.75,-0.011602320464092819
2022-05-26,13651.55,13756.85,13445.25,13722.55,0.00992070063108308
2022-05-27,13839.3,13885.05,13768.3,13873.15,0.01097463663823417
2022-05-30,14022.6,14163.05,14009.65,14154.8,0.020301806006566725
2022-05-31,14106.0,14215.45,14067.05,14119.6,-0.0024867889337891746
2022-06-01,14132.1,14186.9,14009.05,14082.9,-0.0025992237740446456
2022-06-02,14059.25,14179.3,14029.8,14167.95,0.0060392390771788484
2022-06-03,14280.35,14300.0,14064.9,14077.9,-0.0063558948189400555
2022-06-06,14042.4,14081.2,13932.15,14054.1,-0.0016905930572030936
2022-06-07,13978.65,13990.2,13883.75,13935.6,-0.00843170320404718
2022-06-08,13981.65,14020.45,13832.45,13886.9,-0.003494646803869239
2022-06-09,13816.7,13989.0,13790.0,13977.1,0.006495330131274901
2022-06-10,13825.0,13860.05,13757.95,13781.75,-0.013976432879495793
2022-06-13,13521.2,13527.75,13356.2,13416.9,-0.026473415930487798
2022-06-14,13341.95,13506.5,13324.15,13388.3,-0.002131639946634456
2022-06-15,13412.2,13448.45,13366.75,13380.85,-0.0005564560100982385
2022-06-16,13508.7,13527.8,13064.05,13089.2,-0.021796074240425622
2022-06-17,13011.4,13111.95,12903.85,12994.75,-0.007215872627815312
2022-06-20,13026.15,13049.4,12855.55,12950.75,-0.003385982800746423
2022-06-21,13042.8,13275.5,13019.35,13241.9,0.02248132347547438
2022-06-22,13176.1,13184.9,13028.35,13047.75,-0.014661793247192634
2022-06-23,13081.9,13231.9,13021.25,13178.8,0.010043877296851855
2022-06-24,13269.2,13337.7,13247.95,13322.5,0.010903875921935313
2022-06-27,13506.35,13510.8,13432.65,13444.55,0.009161193469694018
2022-06-28,13389.85,13487.5,13330.75,13464.25,0.0014652777519514881
2022-06-29,13337.65,13462.05,13328.2,13417.85,-0.0034461629871697097
2022-06-30,13410.8,13492.15,13352.4,13387.55,-0.0022581859239745317
2022-07-01,13335.25,13422.45,13192.9,13394.45,0.0005154042375192791
2022-07-04,13378.4,13483.7,13337.2,13472.65,0.0058382389721114425
2022-07-05,13533.75,13628.45,13439.4,13461.85,-0.000801624030907
2022-07-06,13472.8,13647.2,13443.35,13631.3,0.012587422976782392
2022-07-07,13736.95,13777.75,13687.55,13765.6,0.009852325163410836
2022-07-08,13873.75,13874.7,13770.9,13828.25,0.004551200092985486
2022-07-11,13771.4,13905.95,13755.75,13886.85,0.004237701806085292
2022-07-12,13823.6,13866.65,13757.3,13779.0,-0.007766340098726565
2022-07-13,13842.8,13861.3,13714.2,13726.95,-0.003777487480949193
2022-07-14,13771.2,13797.6,13617.15,13702.65,-0.001770240293728853
2022-07-15,13761.1,13804.05,13695.2,13790.2,0.006389275067231637
2022-07-18,13883.8,13993.4,13877.6,13984.4,0.014082464358747382
2022-07-19,13922.55,14067.75,13922.35,14051.65,0.004808929950516294
2022-07-20,14220.2,14230.9,14140.0,14164.4,0.008023968715417773
2022-07-21,14172.8,14288.6,14141.65,14271.8,0.007582389652932786
2022-07-22,14325.05,14359.75,14265.25,14336.6,0.004540422371389852
2022-07-25,14307.9,14335.1,14228.15,14279.5,-0.00398281321931282
2022-07-26,14284.7,14286.5,14122.55,14141.45,-0.009667705451871567
2022-07-27,14131.8,14272.2,14099.9,14262.55,0.008563478285465775
2022-07-28,14365.05,14481.45,14330.3,14469.1,0.014481982534680027
2022-07-29,14588.15,14677.75,14553.65,14665.65,0.013584120643301834
2022-08-01,14741.4,14858.3,14666.2,14846.85,0.012355401908541452
2022-08-02,14831.9,14906.0,14765.3,14876.6,0.0020037920501654316
2022-08-03,14880.65,14906.7,14750.75,14878.05,9.746850758896031e-05
2022-08-04,14944.95,14974.7,14688.0,14892.45,0.0009678687731256019
2022-08-05,14933.2,14972.1,14874.25,14900.4,0.0005338275434867423
2022-08-08,14910.6,15009.9,14867.2,14993.35,0.006238087568118944
2022-08-10,15033.3,15033.3,14919.2,14985.8,-0.0005035565767490535
2022-08-11,15123.65,15130.05,15069.9,15095.15,0.0072969077393265636
2022-08-12,15102.8,15162.3,15060.75,15140.55,0.0030075885300908656
2022-08-16,15222.9,15287.45,15203.5,15280.5,0.009243389440938499
2022-08-17,15325.35,15398.45,15306.55,15379.05,0.006449396289388343
2022-08-18,15355.6,15415.25,15325.2,15404.6,0.0016613509937219995
2022-08-19,15426.2,15445.5,15205.55,15236.65,-0.010902587538787145
2022-08-22,15183.1,15186.15,14980.4,15001.75,-0.015416774684724022
2022-08-23,14887.0,15128.25,14879.9,15090.5,0.005915976469411888
2022-08-24,15062.45,15152.45,15037.15,15140.4,0.003306716145919486
2022-08-25,15208.85,15252.8,15075.1,15100.65,-0.0026254260125228024
2022-08-26,15187.1,15242.65,15116.2,15147.55,0.0031058265703793886
2022-08-29,14797.8,15016.25,14793.95,14972.75,-0.011539819970886378
2022-08-30,15071.45,15338.8,15065.35,15325.05,0.0235294117647058
2022-09-01,15142.7,15309.85,15141.45,15211.2,-0.0074290132821751564
2022-09-02,15272.45,15305.0,15184.3,15201.6,-0.000631113916061854
2022-09-05,15221.75,15311.95,15217.35,15294.4,0.006104620566256047
2022-09-06,15339.3,15386.75,15248.0,15313.05,0.0012194005649126538
2022-09-07,15222.25,15334.0,15199.4,15319.4,0.00041467898295910466
2022-09-08,15430.2,15448.75,15365.7,15440.7,0.007918064676162295
2022-09-09,15547.55,15548.85,15426.4,15467.4,0.0017291962151975149
2022-09-12,15524.7,15600.15,15522.4,15577.4,0.007111731771338503
2022-09-13,15667.35,15686.85,15635.15,15669.85,0.005934880018488409
2022-09-14,15423.9,15688.1,15423.9,15630.7,-0.0024984285108026194
2022-09-15,15686.0,15724.45,15543.9,15580.35,-0.003221224897157593
2022-09-16,15529.35,15542.0,15197.9,15243.95,-0.02159129929687076
2022-09-19,15264.25,15348.8,15135.15,15293.55,0.0032537498483002913
2022-09-20,15423.5,15557.3,15410.25,15470.35,0.011560429069771283
2022-09-21,15449.25,15516.5,15320.05,15361.25,-0.007052199853267771
2022-09-22,15284.6,15386.75,15224.95,15335.3,-0.0016893156481406768
2022-09-23,15324.3,15360.2,15032.75,15057.65,-0.018105286495862516
2022-09-26,14916.9,14932.5,14671.05,14725.7,-0.022045272668709814
2022-09-27,14805.85,14874.45,14652.3,14727.3,0.00010865357843758972
2022-09-28,14617.4,14768.25,14577.05,14620.6,-0.0072450483116388575
2022-09-29,14748.2,14783.75,14569.1,14602.5,-0.0012379792894956498
2022-09-30,14586.9,14881.3,14516.3,14829.35,0.015535011128231524
2022-10-03,14837.1,14858.65,14585.8,14638.5,-0.012869748168328421
2022-10-04,14869.55,14975.6,14852.55,14965.8,0.022358848242647777
2022-10-06,15063.55,15119.9,15042.2,15053.05,0.0058299589731254375
2022-10-07,15030.2,15055.65,14943.15,15036.7,-0.0010861586190172856
2022-10-10,14857.0,14989.05,14818.5,14951.65,-0.005656161258786874
2022-10-11,14980.45,14982.75,14692.55,14721.9,-0.015366197041798091
2022-10-12,14761.45,14844.85,14676.55,14829.95,0.0073394059190730054
2022-10-13,14811.2,14832.35,14683.55,14730.3,-0.006719510180412058
2022-10-14,14979.15,14989.15,14803.7,14815.1,0.005756841340638141
2022-10-17,14783.2,14920.7,14718.8,14906.15,0.006145756694183602
2022-10-18,15009.1,15071.95,15007.25,15056.55,0.010089795151665637
2022-10-19,15120.4,15153.05,15039.8,15068.6,0.0008003161414800175
2022-10-20,14998.45,15128.4,14979.6,15112.1,0.002886797711798117
2022-10-21,15159.6,15181.9,15036.1,15081.1,-0.0020513363463714462
2022-10-24,15225.45,15248.05,15179.15,15198.75,0.007801155088156708
2022-10-25,15251.75,15253.75,15143.45,15158.1,-0.0026745620528003666
2022-10-27,15246.55,15273.3,15172.15,15244.25,0.005683429981329979
2022-10-28,15265.45,15290.15,15191.6,15241.6,-0.0001738360365383107
2022-10-31,15333.15,15433.05,15327.4,15424.0,0.011967247533067438
2022-11-01,15507.95,15545.85,15460.7,15537.4,0.007352178423236433
2022-11-02,15560.45,15561.1,15470.4,15497.55,-0.0025647791779834783
2022-11-03,15407.8,15519.15,15401.3,15484.7,-0.0008291633193633352
2022-11-04,15495.75,15542.15,15454.3,15530.85,0.00298036125982426
2022-11-07,15610.95,15647.25,15505.75,15615.15,0.005427906392760251
2022-11-09,15684.45,15686.35,15534.85,15567.25,-0.0030675337732906094
2022-11-10,15490.25,15523.9,15384.35,15440.0,-0.008174211887134852
2022-11-11,15633.5,15662.05,15612.45,15649.1,0.013542746113989645
2022-11-14,15672.5,15684.25,15627.75,15650.2,7.029158226345977e-05
2022-11-15,15678.5,15708.9,15609.5,15693.9,0.0027922965840692093
2022-11-16,15696.55,15711.3,15607.25,15663.3,-0.0019498021524286813
2022-11-17,15630.55,15661.1,15573.95,15597.25,-0.00421686362388507
2022-11-18,15634.3,15644.8,15472.35,15550.85,-0.002974883392905747
2022-11-21,15514.6,15523.15,15431.2,15453.8,-0.006240816418395245
2022-11-22,15472.65,15518.1,15437.3,15509.2,0.0035848788000363285
2022-11-23,15572.75,15572.9,15520.25,15538.15,0.0018666339978850033
2022-11-24,15588.45,15706.5,15567.75,15680.8,0.00918062961163324
2022-11-25,15719.8,15743.1,15668.35,15727.25,0.0029622213152391552
2022-11-28,15683.75,15817.35,15642.8,15784.45,0.003636999475432834
2022-11-29,15784.55,15859.35,15782.4,15812.45,0.001773897728460705
2022-11-30,15827.45,15991.6,15820.55,15946.15,0.00845536270470415
2022-12-01,16041.15,16041.65,15972.75,16003.95,0.0036246993788469073
2022-12-02,15977.5,15991.05,15909.6,15963.5,-0.002527501023184997
2022-12-05,15994.95,15999.8,15881.8,15967.2,0.00023177874526258968
2022-12-06,15904.1,15936.7,15881.6,15922.85,-0.0027775690164838496
2022-12-07,15932.25,15953.25,15836.05,15862.0,-0.0038215520462731023
2022-12-08,15881.8,15918.75,15860.3,15911.1,0.003095448241079435
2022-12-09,15964.85,15967.3,15727.35,15812.75,-0.0061812194002929255
2022-12-12,15759.65,15836.85,15687.95,15828.0,0.0009644116298557215
2022-12-13,15863.25,15913.8,15830.65,15904.5,0.004833206974981019
2022-12-14,15958.15,15988.55,15946.3,15963.8,0.0037285045113018
2022-12-15,15938.05,15968.2,15758.85,15783.8,-0.011275510843282932
2022-12-16,15710.9,15799.35,15625.25,15636.35,-0.009341856840557994
2022-12-19,15658.85,15764.0,15606.15,15755.2,0.007600878721696569
2022-12-20,15704.05,15740.25,15580.8,15726.2,-0.0018406621305981918
2022-12-21,15772.95,15812.05,15497.6,15527.55,-0.01263178644554952
2022-12-22,15599.55,15636.1,15369.6,15431.5,-0.006185779469394692
2022-12-23,15300.75,15349.35,15018.75,15046.0,-0.024981369277127907
2022-12-26,15060.85,15350.35,14985.4,15298.55,0.01678519207762852
2022-12-27,15375.2,15433.65,15278.6,15418.35,0.007830807494828118
2022-12-28,15390.55,15468.15,15363.65,15432.8,0.0009371949657388523
2022-12-29,15370.0,15517.45,15307.0,15485.2,0.003395365714581988
2022-12-30,15557.75,15581.95,15425.65,15448.85,-0.0023474026812698723
2023-01-02,15479.95,15536.35,15433.3,15523.65,0.004841784339934652
2023-01-03,15515.75,15575.7,15500.75,15557.8,0.0021998692317850566
2023-01-04,15563.15,15574.5,15375.8,15393.0,-0.010592757330727953
2023-01-05,15446.5,15462.15,15286.4,15386.2,-0.00044175924121347965
2023-01-06,15401.35,15419.4,15219.85,15272.0,-0.007422235509742525
2023-01-09,15360.4,15472.15,15353.35,15450.1,0.011661864850707193
2023-01-10,15470.0,15472.45,15262.1,15325.25,-0.008080853845606195
2023-01-11,15342.75,15375.1,15257.0,15301.35,-0.0015595177892693268
2023-01-12,15329.7,15347.2,15203.55,15279.6,-0.0014214432059915794
2023-01-13,15295.9,15370.05,15215.0,15346.1,0.0043522081729887585
2023-01-16,15398.15,15421.25,15276.5,15305.45,-0.002648881474772047
2023-01-17,15328.85,15411.0,15291.6,15396.15,0.005925993681989095
2023-01-18,15416.6,15479.65,15376.5,15466.35,0.004559581453805084
2023-01-19,15427.15,15455.15,15387.25,15419.7,-0.0030162255477212963
2023-01-20,15428.2,15443.45,15336.7,15347.9,-0.0046563811228493845
2023-01-23,15411.5,15427.5,15364.25,15403.2,0.003603098795275095
2023-01-24,15451.2,15459.3,15364.2,15388.55,-0.0009511010699077005
2023-01-25,15364.4,15368.7,15146.4,15171.95,-0.014075400216394529
2023-01-27,15160.15,15165.4,14779.1,14874.75,-0.019588780611589196
2023-01-30,14807.5,14955.15,14675.05,14854.2,-0.0013815358241314746
2023-01-31,14906.45,14962.95,14787.85,14935.5,0.005473199499131498
2023-02-01,15054.8,15154.1,14622.65,14847.65,-0.00588195909075695
2023-02-02,14760.35,14887.45,14698.4,14839.4,-0.0005556434856694992
2023-02-03,14904.1,14972.15,14746.45,14962.35,0.00828537541949137
2023-02-06,14939.4,14954.3,14870.55,14934.15,-0.0018847306739917524
2023-02-07,14950.15,14970.8,14845.95,14902.2,-0.0021393919305751075
2023-02-08,14927.55,15046.7,14924.05,15028.3,0.008461837849444986
2023-02-09,15036.85,15054.75,14956.9,15030.1,0.00011977402633700507
2023-02-10,14992.65,15031.1,14969.55,15015.85,-0.0009480974843812939
2023-02-13,15011.35,15022.55,14875.85,14900.5,-0.007681882810496976
2023-02-14,14936.2,14988.0,14879.35,14968.9,0.00459044998489988
2023-02-15,14939.0,15053.55,14923.25,15039.65,0.004726466206601776
2023-02-16,15098.45,15135.35,15060.0,15083.75,0.0029322490882435215
2023-02-17,15036.25,15077.0,14966.3,15003.95,-0.005290461589458784
2023-02-20,15023.45,15036.45,14920.7,14938.65,-0.004352187257355644
2023-02-21,14982.0,14992.7,14894.15,14913.95,-0.001653429192062128
2023-02-22,14854.15,14861.05,14674.25,14701.9,-0.014218231923803004
2023-02-23,14715.2,14740.8,14599.1,14666.75,-0.0023908474414870984
2023-02-24,14723.4,14741.95,14598.95,14630.45,-0.0024749859375798877
2023-02-27,14600.9,14609.4,14465.7,14548.7,-0.005587661350129336
2023-02-28,14550.0,14584.45,14476.0,14518.75,-0.00205860317416684
2023-03-01,14557.0,14675.05,14550.1,14664.85,0.010062849763237125
2023-03-02,14654.8,14668.4,14575.95,14587.25,-0.005291564523333014
2023-03-03,14686.25,14813.05,14676.05,14774.75,0.012853690723062972
2023-03-06,14848.35,14942.05,14843.7,14881.0,0.0071913230342306456
2023-03-08,14843.1,14932.4,14791.25,14921.95,0.0027518311941401308
2023-03-09,14947.05,14952.85,14788.9,14803.95,-0.00790781365706228
2023-03-10,14695.05,14699.35,14593.4,14679.85,-0.008382897807679757
2023-03-13,14681.55,14752.85,14420.5,14454.45,-0.015354380324049566
2023-03-14,14462.0,14499.2,14306.8,14358.55,-0.006634635008596068
2023-03-15,14458.15,14494.35,14298.15,14320.3,-0.002663918014005562
2023-03-16,14328.5,14387.65,14189.0,14330.35,0.0007018009399244463
2023-03-17,14436.25,14464.9,14327.75,14420.85,0.006315267945304903
2023-03-20,14389.85,14393.6,14196.5,14317.1,-0.0071944441555109595
2023-03-21,14379.05,14428.15,14339.95,14411.3,0.006579544740205723
2023-03-22,14470.05,14497.15,14432.2,14460.0,0.003379292638415743
2023-03-23,14422.95,14490.65,14388.3,14403.6,-0.003900414937759278
2023-03-24,14409.0,14434.1,14257.5,14279.0,-0.008650615123996785
2023-03-27,14306.6,14348.95,14238.9,14262.7,-0.0011415365221654206
2023-03-28,14289.95,14300.2,14177.5,14211.8,-0.003568749255050019
2023-03-29,14218.6,14377.3,14218.6,14345.6,0.009414711718431334
2023-03-31,14442.3,14577.15,14438.8,14557.85,0.014795477358911402
2023-04-03,14621.05,14621.05,14541.6,14601.95,0.0030292934739677424
2023-04-05,14620.7,14718.9,14611.25,14709.4,0.0073586062135535535
2023-04-06,14701.1,14786.0,14673.7,14759.2,0.003385590166832264
2023-04-10,14797.35,14833.45,14767.0,14790.55,0.0021240988671471506
2023-04-11,14854.65,14893.6,14814.35,14867.25,0.00518574359979862
2023-04-12,14902.2,14949.9,14871.9,14941.55,0.004997561754863877
2023-04-13,14946.45,14965.7,14885.25,14954.25,0.0008499787505313883
2023-04-17,14970.35,14970.35,14794.45,14904.3,-0.003340187572094977
2023-04-18,14949.1,14949.1,14852.65,14897.0,-0.000489791536670614
2023-04-19,14901.25,14905.6,14832.9,14856.9,-0.002691817144391484
2023-04-20,14878.55,14905.8,14835.9,14861.75,0.0003264476438558095
2023-04-21,14879.6,14888.65,14789.95,14847.1,-0.0009857520143993215
2023-04-24,14903.95,14937.2,14841.6,14930.15,0.005593684962046375
2023-04-25,14945.8,14981.3,14916.35,14955.7,0.0017113022976997794
2023-04-26,14954.2,15003.1,14918.55,14994.4,0.0025876421698749486
2023-04-27,14999.9,15085.85,14989.2,15075.05,0.005378674705223352
2023-04-28,15111.05,15235.45,15077.45,15219.55,0.009585374509537337
2023-05-02,15276.2,15327.75,15261.15,15300.75,0.0053352431576492165
2023-05-03,15277.75,15305.05,15239.5,15276.4,-0.0015914252569318998
2023-05-04,15282.25,15414.7,15272.7,15405.5,0.008450943939671607
2023-05-05,15330.35,15394.9,15265.85,15278.6,-0.008237317841030767
2023-05-08,15321.9,15440.85,15310.75,15427.1,0.009719476915424297
2023-05-09,15462.75,15502.7,15393.95,15420.6,-0.00042133647931241747
2023-05-10,15458.05,15476.1,15372.45,15466.05,0.0029473561340025434
2023-05-11,15512.35,15526.75,15461.85,15484.05,0.001163839506532094
2023-05-12,15475.05,15506.15,15401.65,15477.35,-0.0004327033302009564
2023-05-15,15495.85,15591.95,15464.65,15549.7,0.004674572843542446
2023-05-16,15584.4,15592.25,15476.65,15492.4,-0.0036849585522551465
2023-05-17,15508.25,15512.85,15367.0,15426.35,-0.004263380754434332
2023-05-18,15506.65,15514.9,15346.85,15361.6,-0.004197363601888937
2023-05-19,15399.5,15418.8,15278.7,15407.55,0.002991224872409104
2023-05-22,15409.05,15517.65,15386.9,15504.0,0.006259918027200939
2023-05-23,15551.05,15595.65,15528.75,15544.75,0.002628353973168185
2023-05-24,15517.2,15591.4,15493.3,15515.95,-0.001852715547049577
2023-05-25,15510.2,15568.55,15474.15,15555.25,0.0025328774583572855
2023-05-26,15589.5,15704.0,15567.85,15696.75,0.009096607254785338
2023-05-29,15791.75,15805.75,15758.15,15772.35,0.004816283625591389
2023-05-30,15784.25,15823.9,15759.35,15799.45,0.0017181967176735924
2023-05-31,15773.8,15789.2,15706.5,15766.4,-0.002091844969286938
2023-06-01,15801.95,15823.95,15743.4,15760.35,-0.0003837274203368768
2023-06-02,15816.8,15838.45,15774.65,15811.2,0.0032264511892186043
2023-06-05,15877.45,15899.15,15851.75,15859.5,0.0030547965998786175
2023-06-06,15873.75,15895.7,15816.7,15878.4,0.0011917147451054877
2023-06-07,15938.3,16016.0,15920.25,16006.7,0.00808015920999594
2023-06-08,16021.7,16048.8,15906.15,15921.05,-0.005350884317192217
2023-06-09,15947.95,15961.7,15866.8,15877.4,-0.002741653345727846
2023-06-12,15913.2,15946.15,15874.4,15929.1,0.003256200637383966
2023-06-13,15964.8,16057.5,15964.3,16048.2,0.007476881933065949
2023-06-14,16082.15,16094.1,16035.15,16084.05,0.002233895390137075
2023-06-15,16106.85,16138.7,16039.05,16058.25,-0.0016040736008654521
2023-06-16,16100.9,16211.25,16091.8,16181.45,0.007672068874254645
2023-06-19,16231.05,16244.95,16117.85,16142.15,-0.002428706945298509
2023-06-20,16147.55,16215.6,16080.95,16199.95,0.0035806878265907116
2023-06-21,16244.55,16277.35,16201.4,16240.95,0.002530872008864149
2023-06-22,16252.75,16264.15,16128.8,16140.8,-0.006166511195465851
2023-06-23,16126.7,16133.95,15999.4,16011.8,-0.007992168913560693
2023-06-26,16017.5,16079.0,15995.1,16066.15,0.0033943716509075017
2023-06-27,16118.65,16171.2,16104.2,16163.5,0.006059323484469026
2023-06-28,16239.85,16296.0,16210.45,16277.2,0.00703436755653164
2023-06-30,16354.95,16437.45,16326.0,16430.0,0.009387363920084546
2023-07-03,16490.95,16541.9,16485.3,16527.95,0.005961655508216701
2023-07-04,16597.5,16599.25,16499.15,16556.05,0.0017001503513744964
2023-07-05,16580.2,16611.15,16540.2,16597.2,0.002485496238535223
2023-07-06,16600.75,16703.3,16590.7,16695.05,0.005895572747210309
2023-07-07,16653.3,16718.2,16541.6,16564.9,-0.007795723882228489
2023-07-10,16620.9,16623.95,16530.75,16553.75,-0.0006731100097194798
2023-07-11,16610.95,16698.8,16597.55,16648.0,0.005693573963603482
2023-07-12,16697.1,16703.25,16627.3,16641.05,-0.00041746756367133653
2023-07-13,16726.95,16774.5,16596.45,16623.9,-0.0010305840076195727
2023-07-14,16695.7,16786.0,16655.05,16765.45,0.008514849102797761
2023-07-17,16811.65,16884.95,16784.35,16872.05,0.006358314271313725
2023-07-18,16932.95,16940.15,16818.3,16872.0,-2.9634810233547526e-06
2023-07-19,16919.05,16964.25,16877.45,16953.5,0.004830488383120057
2023-07-20,16965.45,17051.0,16912.7,17042.55,0.005252602707405574
2023-07-21,16931.95,16991.4,16874.95,16904.3,-0.008112048959809437
2023-07-24,16921.75,16948.4,16852.2,16865.15,-0.002315978774631189
2023-07-25,16918.8,16918.85,16832.45,16896.9,0.0018825803506046235
2023-07-26,16950.7,17011.0,16931.6,16975.0,0.004622149625079119
2023-07-27,17038.35,17056.2,16873.0,16919.2,-0.003287187039764272
2023-07-28,16935.05,16960.5,16880.6,16948.35,0.0017228946995129224
2023-07-31,16972.5,17072.8,16939.0,17059.0,0.006528659132009951
2023-08-01,17096.6,17102.1,17026.3,17051.15,-0.00046016765343803723
2023-08-02,17005.6,17018.85,16755.9,16858.95,-0.011271966993428584
2023-08-03,16818.35,16878.75,16691.65,16772.3,-0.00513970324367774
2023-08-04,16847.4,16914.45,16836.55,16890.6,0.0070532962086296
2023-08-07,16948.35,16970.05,16897.5,16956.35,0.003892697713521187
2023-08-08,16991.85,16998.15,16889.85,16949.25,-0.0004187221896221338
2023-08-09,16966.85,17011.95,16881.75,17003.85,0.0032213814770565286
2023-08-10,16999.5,17013.45,16901.55,16939.85,-0.0037638534802412194
2023-08-11,16970.05,16972.05,16845.8,16860.15,-0.0047048822746362795
2023-08-14,16827.75,16854.1,16661.0,16825.55,-0.0020521762855016945
2023-08-16,16779.6,16867.8,16732.75,16853.05,0.0016344190828829763
2023-08-17,16858.85,16869.4,16781.6,16802.25,-0.003014291181714812
2023-08-18,16768.0,16803.25,16722.05,16757.7,-0.0026514306119715947
2023-08-21,16780.75,16872.55,16766.7,16852.05,0.005630247587675941
2023-08-22,16886.95,16925.45,16874.8,16905.25,0.0031568859574948593
2023-08-23,16950.9,16981.85,16912.15,16950.25,0.0026618949734549258
2023-08-24,17039.25,17074.25,16916.4,16930.15,-0.00118582321794658
2023-08-25,16871.0,16905.7,16785.25,16820.85,-0.006455938074972911
2023-08-28,16866.4,16918.25,16823.4,16875.3,0.00323705401332286
2023-08-29,16933.85,16938.8,16898.05,16927.3,0.0030814267005623286
2023-08-30,17010.15,17035.6,16959.1,16968.95,0.0024605223514677643
2023-08-31,17001.35,17011.8,16904.7,16924.3,-0.0026312765374405522
2023-09-01,16940.2,17088.1,16931.5,17074.55,0.008877767470441889
2023-09-04,17157.9,17191.2,17074.55,17180.95,0.006231496584097496
2023-09-05,17228.2,17264.9,17180.95,17252.1,0.004141214542851213
2023-09-06,17274.2,17298.8,17198.75,17284.6,0.001883828635354634
2023-09-07,17292.35,17395.0,17269.1,17385.5,0.005837566388577242
2023-09-08,17437.65,17519.6,17411.85,17487.45,0.005864082137413407
2023-09-11,17567.2,17660.8,17550.2,17653.35,0.009486803393290444
2023-09-12,17753.95,17754.05,17422.05,17460.55,-0.010921439840030356
2023-09-13,17458.4,17540.85,17364.35,17526.75,0.0037914040508459923
2023-09-14,17593.25,17648.55,17546.0,17603.5,0.00437902063987905
2023-09-15,17662.8,17691.85,17620.9,17665.8,0.0035390689351548765
2023-09-18,17666.85,17671.6,17601.55,17613.6,-0.0029548619366233098
2023-09-20,17513.2,17571.15,17419.75,17449.35,-0.009325180542308242
2023-09-21,17409.1,17422.75,17273.1,17303.5,-0.0083584775364125
2023-09-22,17314.4,17361.8,17226.05,17260.8,-0.0024677088450314466
2023-09-25,17276.35,17308.2,17198.2,17272.55,0.0006807332220986062
2023-09-26,17284.9,17312.35,17250.3,17276.75,0.00024316039033034365
2023-09-27,17270.4,17352.1,17217.45,17341.6,0.003753599490644799
2023-09-28,17384.05,17389.2,17147.0,17170.45,-0.009869331549568594
2023-09-29,17227.55,17357.15,17205.2,17292.6,0.007113966145325223
2023-10-03,17294.5,17295.45,17201.7,17254.4,-0.0022090373917165174
2023-10-04,17195.55,17200.7,17032.6,17123.1,-0.007609653189911136
2023-10-05,17202.25,17234.0,17154.3,17195.8,0.004245726533162797
2023-10-06,17263.35,17310.1,17237.1,17293.6,0.005687435303969535
2023-10-09,17170.5,17206.85,17096.65,17127.7,-0.009593144284590682
2023-10-10,17184.55,17319.3,17184.55,17303.35,0.010255317409809672
2023-10-11,17380.65,17447.8,17375.5,17407.35,0.006010396830671505
2023-10-12,17438.3,17457.85,17402.45,17419.7,0.0007094704248493677
2023-10-13,17323.05,17436.5,17306.55,17390.35,-0.001684874021940841
2023-10-16,17390.35,17431.5,17353.15,17393.0,0.0001523833620371562
2023-10-17,17490.05,17494.5,17437.95,17467.7,0.004294831253952802
2023-10-18,17484.35,17492.4,17332.3,17344.0,-0.007081642116592346
2023-10-19,17251.2,17344.6,17202.25,17310.5,-0.0019315036900369176
2023-10-20,17258.3,17295.05,17190.6,17208.75,-0.005877935357153197
2023-10-23,17204.75,17224.8,16859.85,16888.7,-0.0185980968983801
2023-10-25,16912.4,16967.1,16677.15,16760.8,-0.007573111015057532
2023-10-26,16678.7,16689.1,16466.25,16555.45,-0.012251801823301878
2023-10-27,16636.05,16793.1,16634.6,16765.45,0.012684644633640385
2023-10-30,16784.95,16837.8,16661.95,16826.1,0.003617558729410719
2023-10-31,16909.7,16910.0,16785.55,16801.1,-0.001485786961922253
2023-11-01,16808.5,16834.1,16719.1,16732.95,-0.004056282029152758
2023-11-02,16849.95,16903.75,16823.0,16890.8,0.00943348303795788
2023-11-03,16990.35,17027.45,16983.05,17000.95,0.006521301536931423
2023-11-06,17105.35,17168.75,17080.95,17159.4,0.009320067407997845
2023-11-07,17170.35,17200.6,17120.75,17187.8,0.0016550695245753921
2023-11-08,17242.65,17269.25,17215.0,17259.7,0.0041831997114232244
2023-11-09,17284.95,17288.6,17209.55,17218.9,-0.0023638881324703487
2023-11-10,17189.7,17274.9,17156.85,17256.6,0.0021894546109215707
2023-11-12,17380.5,17384.15,17347.45,17361.1,0.006055654068588323
2023-11-13,17335.0,17339.15,17278.65,17318.6,-0.002448001566720981
2023-11-15,17493.3,17518.9,17448.3,17508.05,0.010939105932350257
2023-11-16,17518.1,17668.65,17486.5,17593.1,0.004857765427903171
2023-11-17,17537.45,17649.05,17528.85,17600.5,0.0004206194473970193
2023-11-20,17618.55,17636.4,17556.1,17573.65,-0.0015255248430441348
2023-11-21,17644.5,17665.0,17617.2,17627.6,0.0030699370933184866
2023-11-22,17637.45,17654.6,17533.75,17627.7,5.672922008814751e-06
2023-11-23,17654.15,17693.25,17627.35,17639.4,0.0006637281097363612
2023-11-24,17661.3,17684.15,17631.75,17643.5,0.00023243420978036333
2023-11-28,17701.05,17760.0,17665.65,17741.8,0.005571456910477002
2023-11-29,17831.65,17911.35,17823.45,17904.1,0.009147888038417706
2023-11-30,17926.9,18007.1,17845.9,17987.95,0.004683284834200219
2023-12-01,18061.8,18141.65,18053.15,18115.35,0.007082519130862552
2023-12-04,18422.35,18460.0,18315.45,18448.5,0.018390481000919223
2023-12-05,18541.3,18594.9,18453.65,18588.55,0.0075914030951025335
2023-12-06,18677.25,18698.8,18594.4,18680.0,0.004919695188704942
2023-12-07,18696.75,18721.8,18619.75,18703.85,0.0012767665952890805
2023-12-08,18752.25,18785.7,18588.15,18703.5,-1.8712724920155743e-05
2023-12-11,18726.35,18780.45,18710.15,18770.2,0.003566177453417918
2023-12-12,18809.9,18819.7,18635.35,18686.8,-0.0044432131783359585
2023-12-13,18723.7,18770.45,18601.5,18751.45,0.003459661365241784
2023-12-14,18906.4,18996.25,18893.75,18973.85,0.011860416127819295
2023-12-15,19071.95,19165.1,19020.55,19145.05,0.009022944737098637
2023-12-18,19149.15,19201.55,19073.1,19155.55,0.0005484446371255558
2023-12-19,19212.55,19213.55,19067.2,19169.25,0.0007151974232011415
2023-12-20,19264.4,19303.6,18727.1,18779.45,-0.020334650547100153
2023-12-21,18647.85,18965.8,18582.95,18941.8,0.00864508811493403
2023-12-22,19011.25,19089.95,18934.75,19054.7,0.005960362795510488
2023-12-26,19095.0,19173.8,19059.4,19148.85,0.004941038169060441
2023-12-27,19219.4,19312.3,19189.8,19296.95,0.007734145914767732
2023-12-28,19358.35,19414.55,19313.1,19399.25,0.005301355913758243
2023-12-29,19394.5,19450.1,19338.35,19429.15,0.0015412966996146693
2024-01-01,19452.0,19543.25,19421.4,19469.5,0.0020767763901148317
2024-01-02,19496.8,19499.8,19271.65,19418.4,-0.002624617992244227
2024-01-03,19434.3,19442.2,19343.15,19367.15,-0.0026392493717298793
2024-01-04,19451.8,19560.4,19433.5,19541.25,0.008989448628218266
2024-01-05,19602.1,19637.1,19490.95,19590.6,0.00252542698138547
2024-01-08,19636.0,19641.85,19400.6,19417.7,-0.00882566128653528
2024-01-09,19549.5,19596.05,19439.1,19459.55,0.0021552501068611285
2024-01-10,19463.55,19532.3,19354.1,19517.85,0.0029959582826941666
2024-01-11,19589.75,19626.5,19532.3,19584.35,0.003407137568943286
2024-01-12,19691.25,19775.9,19635.75,19745.6,0.00823361510593923
2024-01-15,19876.5,19896.9,19763.8,19885.55,0.007087654971234203
2024-01-16,19894.3,19923.3,19736.2,19827.55,-0.0029166907628906946
2024-01-17,19556.4,19707.7,19470.05,19487.6,-0.017145335656699956
2024-01-18,19388.4,19468.65,19143.5,19414.8,-0.00373570886101926
2024-01-19,19555.95,19618.95,19537.15,19606.4,0.009868759915116376
2024-01-20,19698.05,19718.7,19582.7,19601.9,-0.00022951689244332663
2024-01-23,19743.5,19752.35,19158.75,19206.45,-0.0201740647590285
2024-01-24,19193.15,19470.65,19080.5,19451.0,0.012732701774664124
2024-01-25,19479.65,19480.05,19289.8,19393.0,-0.0029818518328106336
2024-01-29,19475.4,19728.9,19470.05,19711.65,0.016431186510596607
2024-01-30,19770.25,19799.25,19558.8,19574.2,-0.006973033713565391
2024-01-31,19574.15,19813.3,19546.4,19802.1,0.01164287684809584
2024-02-01,19869.95,19871.25,19703.75,19777.35,-0.0012498674383020214
2024-02-02,19884.65,20101.15,19874.8,19910.8,0.006747617855779486
2024-02-05,19989.65,20044.0,19805.75,19853.5,-0.0028778351447454886
2024-02-06,19923.2,20044.45,19824.85,20033.75,0.009079003702118005
2024-02-07,20157.2,20169.9,20011.45,20109.55,0.00378361514943526
2024-02-08,20207.55,20209.05,19949.35,19987.55,-0.00606676927131633
2024-02-09,20015.0,20040.65,19745.45,19961.5,-0.0013033113112912442
2024-02-12,19999.95,20015.0,19634.6,19675.2,-0.014342609523332328
2024-02-13,19709.8,19796.05,19508.75,19782.9,0.005473896072212714
2024-02-14,19618.1,19943.75,19579.2,19922.3,0.0070464896450974646
2024-02-15,20011.7,20065.75,19952.0,20037.0,0.0057573673722410845
2024-02-16,20136.85,20191.45,20098.1,20164.9,0.006383191096471563
2024-02-19,20244.25,20301.0,20174.9,20241.1,0.003778843435871204
2024-02-20,20242.65,20285.8,20190.7,20271.9,0.0015216564317157566
2024-02-21,20329.1,20342.3,20077.8,20128.3,-0.007083697137416967
2024-02-22,20179.25,20308.9,20004.1,20283.95,0.007732893488272774
2024-02-23,20358.7,20365.65,20280.15,20313.5,0.001456816842873243
2024-02-26,20299.5,20335.75,20210.35,20255.8,-0.002840475545819343
2024-02-27,20249.25,20329.1,20234.95,20292.85,0.0018291057376158548
2024-02-28,20323.5,20335.65,19987.35,20020.4,-0.013425911096765497
2024-02-29,20009.25,20160.05,19901.3,20090.05,0.003478951469501057
2024-03-01,20171.9,20360.2,20171.0,20349.8,0.012929285890278974
2024-03-02,20419.55,20446.8,20400.2,20421.35,0.0035160050713027857
2024-03-04,20456.75,20482.6,20383.15,20432.05,0.000523961442314036
2024-03-05,20422.3,20440.4,20328.0,20382.0,-0.002449582885711399
2024-03-06,20368.75,20396.75,20139.35,20379.55,-0.00012020410165836104
2024-03-07,20413.65,20471.35,20384.5,20434.8,0.0027110510290953016
2024-03-11,20478.75,20483.25,20264.3,20288.75,-0.00714712157691777
2024-03-12,20299.8,20326.25,20135.3,20171.4,-0.005783993592508141
2024-03-13,20236.8,20247.9,19549.5,19646.3,-0.026031906560774254
2024-03-14,19598.4,19933.9,19514.7,19916.35,0.013745590772817229
2024-03-15,19867.75,19942.4,19671.15,19825.2,-0.004576641804346582
2024-03-18,19804.3,19894.45,19709.2,19843.1,0.0009028912696971148
2024-03-19,19785.8,19798.95,19594.1,19610.55,-0.011719438998946674
2024-03-20,19651.7,19697.45,19465.85,19632.05,0.0010963486490689345
2024-03-21,19790.85,19916.45,19790.85,19897.4,0.013516163620202803
2024-03-22,19855.0,20048.6,19806.7,19994.6,0.004885060359644866
2024-03-26,19895.55,20044.5,19895.3,20005.25,0.0005326438138297807
2024-03-27,20063.0,20174.4,20063.0,20087.8,0.004126416815585898
2024-03-28,20150.35,20380.5,20146.15,20255.15,0.008330927229462715
2024-04-01,20392.25,20504.5,20387.05,20492.55,0.01172047602708437
2024-04-02,20524.15,20579.25,20481.85,20569.75,0.003767222722403929
2024-04-03,20528.2,20657.9,20496.55,20605.7,0.0017477120528932577
2024-04-04,20755.35,20772.4,20537.5,20664.65,0.002860858888559914
2024-04-05,20654.75,20730.15,20609.9,20715.1,0.002441367262450367
2024-04-08,20806.85,20866.1,20768.5,20819.1,0.005020492297888923
2024-04-09,20912.75,20912.75,20741.5,20790.7,-0.0013641319749652103
2024-04-10,20864.55,20933.85,20822.85,20915.2,0.005988254363729961
2024-04-12,20873.2,20931.4,20735.15,20745.5,-0.008113716340269361
2024-04-15,20493.3,20623.8,20362.3,20478.75,-0.012858210214263366
2024-04-16,20361.25,20495.2,20326.25,20423.0,-0.0027223341268387546
2024-04-18,20515.15,20617.1,20291.15,20324.7,-0.004813200803016171
2024-04-19,20178.25,20428.4,20038.35,20385.2,0.002976673702440813
2024-04-22,20566.2,20604.1,20468.1,20574.85,0.009303318093518698
2024-04-23,20687.9,20689.75,20621.55,20652.65,0.0037813155381449803
2024-04-24,20723.2,20772.55,20710.2,20730.65,0.0037767550411207385
2024-04-25,20690.85,20894.0,20686.7,20867.9,0.00662063176986738
2024-04-26,20926.4,20941.1,20814.5,20839.35,-0.00136812999870628
2024-04-29,20911.1,21002.1,20847.85,20992.2,0.007334681743912386
2024-04-30,21052.35,21146.5,20971.85,20997.2,0.0002381837063289982
2024-05-02,21010.45,21126.1,21009.35,21083.6,0.004114834358866837
2024-05-03,21193.45,21208.7,20830.65,20959.55,-0.005883720047809682
2024-05-06,21044.1,21048.95,20805.05,20864.95,-0.004513455680107525
2024-05-07,20911.35,20914.9,20548.8,20636.05,-0.010970551091663339
2024-05-08,20586.8,20768.75,20516.25,20704.9,0.003336394319649383
2024-05-09,20681.1,20736.25,20318.9,20344.8,-0.01739201831450532
2024-05-10,20398.0,20482.05,20299.1,20469.1,0.0061096693012465675
2024-05-13,20471.65,20540.25,20184.1,20511.0,0.0020469878988329526
2024-05-14,20544.35,20709.75,20508.0,20683.8,0.008424747696357926
2024-05-15,20744.5,20811.25,20681.9,20741.85,0.002806544252023313
2024-05-16,20846.85,20950.55,20667.8,20929.05,0.009025231596988759
2024-05-17,20967.4,21078.65,20934.45,21064.55,0.006474254684278646
2024-05-18,21131.45,21156.45,21115.8,21144.45,0.003793102629773726
2024-05-21,21114.65,21224.7,21068.85,21187.65,0.0020430893213112533
2024-05-22,21255.2,21261.75,21103.2,21237.75,0.0023645850294864434
2024-05-23,21280.05,21505.25,21249.15,21489.55,0.01185624654212436
2024-05-24,21483.0,21567.45,21444.95,21483.75,-0.0002698986251457036
2024-05-27,21573.8,21613.6,21439.15,21493.0,0.0004305579798684622
2024-05-28,21542.5,21558.15,21345.35,21387.35,-0.0049155539012702976
2024-05-29,21288.35,21356.15,21243.2,21256.3,-0.006127453845380493
2024-05-30,21201.8,21262.85,20983.95,21038.55,-0.010244021772368717
2024-05-31,21129.35,21177.25,21003.0,21103.3,0.0030776835856083373
2024-06-03,21926.6,21926.6,21629.3,21797.4,0.032890590571142964
2024-06-04,21753.35,21753.35,19624.25,20323.85,-0.06760209933294814
2024-06-05,20570.75,21092.15,20116.6,21054.4,0.03594545324827747
2024-06-06,21253.7,21462.8,21193.2,21365.0,0.014752260810091844
2024-06-07,21390.2,21781.35,21333.5,21764.15,0.018682424526094144
2024-06-10,21844.3,21930.5,21758.3,21808.25,0.0020262679681952722
2024-06-11,21856.35,21961.45,21782.35,21852.0,0.0020061215365745344
2024-06-12,21935.2,22023.9,21904.7,21960.95,0.00498581365550077
2024-06-13,22120.75,22120.8,21992.15,22074.3,0.005161434273107446
2024-06-14,22148.25,22229.4,22054.15,22214.3,0.006342216967242464
2024-06-18,22323.55,22338.15,22253.35,22329.6,0.00519035035990334
2024-06-19,22406.3,22406.3,22127.25,22224.9,-0.00468884350816845
2024-06-20,22293.55,22333.6,22182.2,22305.1,0.003608565167897204
2024-06-21,22392.6,22393.3,22186.2,22236.2,-0.003088979650393786
2024-06-24,22150.65,22309.1,22073.65,22289.1,0.002379003606731267
2024-06-25,22349.75,22391.75,22287.1,22370.65,0.003658739024904767
2024-06-26,22379.5,22464.85,22309.5,22436.8,0.0029569994613476425
2024-06-27,22459.9,22571.65,22395.9,22537.4,0.004483705341225219
2024-06-28,22592.25,22673.65,22537.7,22559.7,0.0009894663980760665
2024-07-01,22580.4,22739.7,22570.4,22727.6,0.00744247485560523
2024-07-02,22806.3,22810.65,22592.2,22677.8,-0.002191168447174374
2024-07-03,22820.55,22871.65,22764.1,22851.2,0.007646244344689634
2024-07-04,22937.6,22962.8,22866.7,22914.2,0.0027569668113709422
2024-07-05,22878.5,23011.8,22838.2,22987.65,0.0032054359305584423
2024-07-08,23029.35,23040.75,22897.95,22971.15,-0.0007177767192383389
2024-07-09,23035.05,23082.35,22974.95,23067.35,0.004187861730910125
2024-07-10,23124.15,23125.3,22685.65,22977.65,-0.0038886131263451418
2024-07-11,23059.95,23063.1,22904.3,23005.25,0.001201167221190902
2024-07-12,23086.25,23189.4,23021.4,23095.45,0.003920844155138603
2024-07-15,23188.8,23234.3,23081.3,23209.85,0.004953356613532023
2024-07-16,23258.2,23288.05,23181.35,23204.25,-0.00024127687167296852
2024-07-18,23167.65,23233.85,22993.55,23210.05,0.00024995421097417925
2024-07-19,23232.5,23232.5,22833.0,22853.6,-0.015357571396873326
2024-07-22,22761.5,23001.05,22667.75,22942.65,0.003896541463926928
2024-07-23,23022.8,23031.95,22307.2,22865.2,-0.0033758088102290307
2024-07-24,22856.85,22965.45,22816.75,22921.45,0.0024600703252104505
2024-07-25,22753.2,22938.65,22732.2,22917.25,-0.00018323448123924724
2024-07-26,22970.4,23306.75,22965.5,23292.05,0.01635449279472878
2024-07-29,23423.15,23496.4,23326.05,23394.2,0.004385616551570326
2024-07-30,23421.2,23530.0,23381.35,23440.9,0.0019962212856179384
2024-07-31,23495.85,23556.0,23459.6,23530.8,0.0038351769769930932
2024-08-01,23608.85,23637.75,23429.55,23506.6,-0.001028439322080077
2024-08-02,23296.1,23395.1,23225.65,23259.45,-0.010514068389303355
2024-08-05,22772.55,22868.35,22397.7,22542.45,-0.03082618032670592
2024-08-06,22696.95,22910.75,22406.05,22443.3,-0.004398368411596798
2024-08-07,22773.45,22870.85,22650.8,22848.9,0.01807220863242054
2024-08-08,22842.0,22905.6,22676.0,22705.7,-0.006267260130684682
2024-08-09,22948.15,22982.45,22869.4,22923.5,0.00959230501592101
2024-08-12,22862.9,22993.25,22753.75,22915.85,-0.00033371867297760094
2024-08-13,22952.7,22962.75,22684.45,22705.8,-0.009166144829888423
2024-08-14,22765.65,22778.95,22599.95,22672.65,-0.0014599793885261558
2024-08-16,22846.1,23071.75,22750.3,23056.5,0.016930089777771773
2024-08-19,23174.2,23195.6,23104.1,23139.75,0.0036106954654868684
2024-08-20,23223.6,23292.7,23175.4,23280.35,0.006076124417938811
2024-08-21,23283.75,23383.2,23256.25,23368.65,0.003792898302645842
2024-08-22,23467.15,23474.85,23408.95,23440.7,0.0030831905137866933
2024-08-23,23485.3,23496.85,23401.0,23418.65,-0.0009406715669753041
2024-08-26,23514.3,23579.75,23466.75,23561.75,0.006110514483114837
2024-08-27,23592.0,23633.2,23555.55,23604.85,0.0018292359438496497
2024-08-28,23646.8,23679.35,23547.25,23615.95,0.0004702423442641823
2024-08-29,23618.25,23664.35,23494.45,23631.4,0.0006542188647926661
2024-08-30,23728.55,23766.4,23673.95,23734.55,0.00436495510210988
2024-09-02,23835.2,23835.2,23693.65,23760.7,0.0011017693615427149
2024-09-03,23817.0,23817.55,23771.2,23788.45,0.001167894885251597
2024-09-04,23611.8,23761.4,23605.35,23748.9,-0.0016625715420718334
2024-09-05,23821.0,23836.35,23749.05,23762.8,0.0005852902660754555
2024-09-06,23746.0,23794.35,23434.9,23477.7,-0.011997744373558605
2024-09-09,23452.85,23526.55,23294.45,23502.15,0.001041413767106647
2024-09-10,23591.85,23712.95,23531.65,23643.65,0.006020725763387524
2024-09-11,23665.1,23723.05,23498.15,23531.25,-0.004753919128391848
2024-09-12,23680.0,23934.6,23593.6,23907.35,0.015983001328021107
2024-09-13,23966.5,23966.55,23885.2,23928.2,0.0008721167339751368
2024-09-16,24006.15,24026.0,23917.5,23968.2,0.0016716677393200374
2024-09-17,24008.25,24008.25,23912.55,23969.9,7.092731202185121e-05
2024-09-18,23972.55,24000.3,23800.85,23898.65,-0.002972477982803423
2024-09-19,24012.3,24078.0,23702.0,23853.95,-0.0018703985371558707
2024-09-20,23956.55,24243.15,23885.0,24193.8,0.014247116305685203
2024-09-23,24294.8,24393.7,24262.3,24379.2,0.007663120303548876
2024-09-24,24390.05,24429.0,24353.75,24389.7,0.00043069501870451887
2024-09-25,24377.25,24394.35,24268.5,24371.25,-0.0007564668692111587
2024-09-26,24399.15,24512.65,24338.4,24496.9,0.005155664974098695
2024-09-27,24529.55,24573.4,24469.0,24489.55,-0.00030003796398736515
2024-09-30,24410.0,24456.1,24217.4,24245.2,-0.00997772519299045
2024-10-01,24248.5,24329.45,24191.05,24271.3,0.0010765017405507393
2024-10-03,23931.85,24122.0,23713.0,23755.45,-0.021253496928471005
2024-10-04,23704.95,23920.3,23483.4,23534.95,-0.009282080533098758
2024-10-07,23616.35,23659.65,23089.5,23181.95,-0.014998969617526225
2024-10-08,23175.2,23544.8,23106.5,23512.55,0.014261095378085065
2024-10-09,23600.1,23797.45,23570.7,23599.6,0.0037022781450757325
2024-10-10,23695.55,23755.5,23580.6,23598.15,-6.144171935107412e-05
2024-10-11,23608.3,23654.0,23546.3,23611.25,0.0005551282621729658
2024-10-14,23670.5,23740.2,23646.1,23727.05,0.004904441738577958
2024-10-15,23800.4,23814.95,23662.3,23735.7,0.0003645628091144548
2024-10-16,23702.85,23768.15,23588.8,23673.15,-0.002635270921017674
2024-10-17,23717.3,23720.15,23366.0,23377.0,-0.01250995325928328
2024-10-18,23285.65,23471.2,23120.95,23440.7,0.0027249005432690154
2024-10-21,23527.6,23559.05,23224.55,23263.25,-0.0075701664199447904
2024-10-22,23277.1,23306.2,22789.7,22814.45,-0.0192922313090389
2024-10-23,22751.8,22989.05,22673.3,22841.1,0.0011681193278820778
2024-10-24,22841.85,22893.2,22747.55,22787.85,-0.002331323797890694
2024-10-25,22819.8,22839.2,22362.8,22499.05,-0.012673420265624014
2024-10-28,22548.7,22756.05,22407.0,22649.95,0.006706949848993782
2024-10-29,22670.8,22808.8,22450.0,22795.05,0.006406195157163674
2024-10-30,22731.15,22896.55,22685.4,22749.8,-0.001985080094143221
2024-10-31,22758.6,22779.5,22621.1,22689.35,-0.002657166216845863
2024-11-01,22806.95,22881.5,22799.7,22823.55,0.005914669217055524
2024-11-04,22831.8,22832.65,22362.65,22518.3,-0.013374343605617844
2024-11-05,22458.3,22697.5,22343.95,22679.85,0.007174165012456601
2024-11-06,22782.2,23052.2,22720.3,23031.2,0.015491725033454973
2024-11-07,23067.15,23073.55,22793.9,22806.25,-0.00976718538330612
2024-11-08,22821.9,22857.1,22600.25,22645.65,-0.007041929295697358
2024-11-11,22590.1,22770.55,22478.7,22591.4,-0.002395603570663707
2024-11-12,22664.2,22721.9,22286.85,22331.05,-0.011524296856325944
2024-11-13,22263.0,22309.8,21867.7,21914.95,-0.018633248324642082
2024-11-14,21924.1,22096.85,21907.55,21963.1,0.0021971302695191763
2024-11-18,22045.9,22049.15,21787.35,21899.4,-0.0029003191717015264
2024-11-19,21977.65,22233.4,21948.45,22004.35,0.004792368740695885
2024-11-21,21947.75,21954.2,21692.8,21820.85,-0.00833926019173481
2024-11-22,21864.65,22260.15,21819.2,22225.55,0.01854648191981534
2024-11-25,22578.65,22676.25,22510.8,22553.5,0.014755540357831443
2024-11-26,22649.3,22675.7,22523.0,22562.45,0.0003968341942492959
2024-11-27,22594.2,22732.1,22526.1,22691.7,0.0057285445507913035
2024-11-28,22722.3,22821.75,22472.25,22514.35,-0.007815633028816826
2024-11-29,22537.8,22733.75,22531.9,22687.0,0.007668442571071354
2024-12-02,22695.4,22843.5,22603.1,22835.85,0.006561026138317105
2024-12-03,22922.6,23029.55,22876.8,23020.85,0.008101296864360119
2024-12-04,23075.95,23149.9,22978.85,23099.5,0.0034164681147743625
2024-12-05,23183.3,23357.1,22993.85,23277.95,0.007725275438862367
2024-12-06,23315.8,23358.2,23221.7,23312.1,0.0014670535850449529
2024-12-09,23289.4,23351.9,23243.3,23292.0,-0.0008622131854272297
2024-12-10,23328.8,23341.35,23216.25,23314.9,0.0009831701871887422
2024-12-11,23326.7,23394.2,23301.15,23358.15,0.001855036907728591
2024-12-12,23348.7,23386.25,23242.75,23256.4,-0.00435608128212206
2024-12-13,23208.35,23378.55,22879.9,23358.95,0.004409538879620145
2024-12-16,23370.55,23417.65,23281.2,23352.45,-0.00027826593233004626
2024-12-17,23308.9,23349.1,23067.3,23095.75,-0.010992422636597055
2024-12-18,23076.95,23125.55,22876.7,22934.4,-0.006986133812497908
2024-12-19,22594.95,22782.25,22590.0,22752.15,-0.007946578066136412
2024-12-20,22783.65,22855.0,22279.9,22319.4,-0.01902018051041332
2024-12-23,22446.6,22535.2,22331.5,22412.3,0.004162298269666742
2024-12-24,22431.6,22516.3,22340.1,22402.7,-0.0004283362260900647
2024-12-26,22444.7,22492.3,22324.6,22430.35,0.0012342262316595853
2024-12-27,22473.9,22555.45,22435.55,22445.2,0.0006620494107314467
2024-12-30,22438.15,22522.4,22266.15,22357.15,-0.003922887744372883
2024-12-31,22273.7,22414.45,22160.15,22375.4,0.0008162936689157796
2025-01-01,22375.85,22518.7,22313.75,22481.8,0.004755222253009839
2025-01-02,22521.75,22833.35,22482.7,22819.75,0.01503215934667157
2025-01-03,22850.1,22867.85,22681.3,22708.15,-0.0048905005532488
2025-01-06,22753.65,22757.4,22163.55,22225.4,-0.021258887227713408
2025-01-07,22278.15,22435.5,22247.75,22341.65,0.005230502038208629
2025-01-08,22378.15,22384.25,22065.2,22231.8,-0.004916825749217368
2025-01-09,22231.05,22239.2,22028.5,22046.55,-0.008332658624133016
2025-01-10,22049.4,22075.4,21738.45,21799.0,-0.011228514211974128
2025-01-13,21557.0,21630.55,21194.45,21243.45,-0.025485113996054798
2025-01-14,21328.0,21528.7,21325.0,21481.05,0.01118462396644615
2025-01-15,21572.45,21634.6,21445.4,21551.2,0.0032656690431800417
2025-01-16,21734.4,21776.35,21687.45,21714.55,0.007579624336463864
2025-01-17,21699.45,21730.85,21563.8,21680.25,-0.0015795860379330673
2025-01-20,21769.95,21848.95,21628.5,21809.0,0.0059385846565422895
2025-01-21,21855.1,21863.05,21411.3,21433.2,-0.017231418221834938
2025-01-22,21484.45,21500.3,21178.8,21396.55,-0.0017099639811134493
2025-01-23,21377.8,21595.0,21338.95,21538.05,0.006613215681967377
2025-01-24,21533.05,21611.2,21279.0,21318.9,-0.01017501584405267
2025-01-27,21158.85,21163.0,20861.15,20910.95,-0.01913560268118908
2025-01-28,21009.2,21100.45,20757.9,20924.75,0.0006599413226084927
2025-01-29,20971.4,21259.85,20968.35,21245.5,0.015328737499850753
2025-01-30,21282.1,21404.2,21209.6,21297.5,0.00244757713398136
2025-01-31,21339.35,21613.0,21310.3,21580.9,0.013306726141566028
2025-02-01,21628.65,21713.95,21388.2,21581.75,3.938667988823141e-05
2025-02-03,21422.85,21445.95,21286.7,21402.55,-0.00830331182596411
2025-02-04,21551.4,21743.55,21474.45,21727.45,0.015180434107150864
2025-02-05,21797.7,21870.4,21763.7,21784.25,0.002614204612138016
2025-02-06,21860.1,21870.9,21620.15,21672.45,-0.005132148226356215
2025-02-07,21703.75,21765.15,21521.75,21646.15,-0.0012135222367567478
2025-02-10,21636.2,21659.25,21301.85,21371.3,-0.01269740808411668
2025-02-11,21366.25,21376.45,20860.6,20950.45,-0.01969229761408986
2025-02-12,20924.15,21002.0,20545.75,20907.85,-0.0020333692116399904
2025-02-13,20926.0,21122.0,20866.5,20904.35,-0.00016740123924741113
2025-02-14,20964.6,20984.7,20476.65,20633.1,-0.012975768201355264
2025-02-17,20511.05,20667.55,20339.0,20652.35,0.0009329669317745815
2025-02-18,20663.6,20692.3,20466.75,20611.4,-0.001982825199069227
2025-02-19,20511.2,20802.55,20459.2,20731.45,0.005824446665437577
2025-02-20,20645.7,20840.35,20630.2,20831.1,0.0048067067185362244
2025-02-21,20792.05,20903.35,20616.6,20690.25,-0.006761524835462329
2025-02-24,20510.95,20546.05,20429.3,20468.45,-0.010720025132610722
2025-02-25,20445.55,20548.9,20388.75,20418.75,-0.0024281271908718205
2025-02-27,20436.5,20471.85,20278.65,20315.55,-0.00505417814508724
2025-02-28,20185.4,20197.85,19816.0,19880.9,-0.02139494131342734
2025-03-03,19935.55,19997.05,19658.3,19896.95,0.0008073075162593479
2025-03-04,19736.05,19957.5,19681.65,19917.85,0.0010504122491135082
2025-03-05,19901.6,20265.05,19901.6,20256.5,0.017002337099636833
2025-03-06,20411.45,20467.15,20262.75,20447.1,0.009409325401722901
2025-03-07,20428.15,20549.2,20377.6,20443.4,-0.00018095475642010417
2025-03-10,20434.95,20543.7,20230.65,20266.5,-0.008653159454885317
2025-03-11,20122.55,20333.75,20073.4,20302.5,0.0017763303974538402
2025-03-12,20351.9,20397.95,20108.7,20264.35,-0.0018790789311662337
2025-03-13,20337.85,20357.3,20157.5,20176.05,-0.004357405986375018
2025-03-17,20166.6,20358.25,20166.5,20288.3,0.005563527053114914
2025-03-18,20418.55,20676.95,20370.2,20657.2,0.018182893588915894
2025-03-19,20713.25,20895.25,20664.0,20864.5,0.010035241949538198
2025-03-20,20989.35,21092.2,20873.55,21070.05,0.009851661913776955
2025-03-21,21065.25,21297.0,21031.45,21273.9,0.009674870254223533
2025-03-24,21427.2,21595.85,21346.8,21538.1,0.012418973483940388
2025-03-25,21652.85,21674.05,21385.8,21437.75,-0.004659185350611161
2025-03-26,21464.95,21525.6,21255.7,21275.45,-0.0075707571923359085
2025-03-27,21218.4,21447.9,21195.7,21407.95,0.0062278353689346755
2025-03-28,21439.2,21514.1,21277.9,21339.55,-0.0031950747269122726
2025-04-01,21227.1,21398.35,21042.45,21070.75,-0.012596329350900048
2025-04-02,21101.85,21279.1,21007.15,21265.65,0.009249789399997654
2025-04-03,21100.55,21263.45,21096.75,21243.4,-0.0010462882629969084
2025-04-04,21199.2,21212.1,20736.8,20805.35,-0.02062052213864085
2025-04-07,19524.25,20189.35,19519.85,20105.7,-0.03362836962608162
2025-04-08,20430.1,20588.4,20227.15,20480.8,0.018656400921131855
2025-04-09,20422.95,20423.25,20252.35,20356.75,-0.006056892308894168
2025-04-11,20684.85,20817.5,20629.0,20752.85,0.01945791936335617
2025-04-15,21199.05,21302.75,21067.6,21279.4,0.0253724187280302
2025-04-16,21302.75,21414.85,21246.4,21404.35,0.0058718760867315645
2025-04-17,21379.35,21704.1,21296.35,21681.55,0.012950638538427928
2025-04-21,21787.05,22033.75,21732.45,22005.75,0.014952805495917154
2025-04-22,22072.0,22157.95,21953.4,22085.15,0.003608147870443057
2025-04-23,22238.6,22263.85,21988.35,22237.6,0.0069028283710999006
2025-04-24,22217.65,22270.15,22155.4,22180.65,-0.002560977803359954
2025-04-25,22220.3,22271.85,21661.6,21848.15,-0.01499054355936369
2025-04-28,21843.45,22125.45,21841.4,22101.85,0.011611967145959579
2025-04-29,22160.75,22255.9,22084.55,22112.4,0.0004773356076528401
2025-04-30,22119.2,22175.0,21920.55,22030.05,-0.003724154772887678
2025-05-02,22009.95,22238.9,21920.85,22006.0,-0.001091690667973988
2025-05-05,22086.25,22209.95,22070.95,22195.15,0.008595383077342644
2025-05-06,22235.6,22244.5,21916.9,21956.6,-0.01074784356041758
2025-05-07,21756.8,22084.7,21752.9,22072.45,0.005276317826986121
2025-05-08,22109.35,22145.2,21730.55,21843.05,-0.010393046535386974
2025-05-09,21463.75,21716.05,21463.75,21675.55,-0.007668343019862189
2025-05-12,22149.4,22525.0,22126.4,22511.4,0.03856188193609866
2025-05-13,22491.5,22575.7,22317.5,22349.4,-0.0071963538473840405
2025-05-14,22402.65,22544.9,22366.4,22499.5,0.006716063965922947
2025-05-15,22547.05,22814.1,22408.65,22788.8,0.012858063512522389
2025-05-16,22825.55,22885.35,22750.35,22870.9,0.0036026469142738105
2025-05-19,22896.25,22965.05,22827.65,22865.8,-0.00022299078741994105
2025-05-20,22942.65,22958.6,22565.55,22585.6,-0.012254108756308613
2025-05-21,22632.4,22811.95,22577.4,22730.65,0.006422233635591024
2025-05-22,22674.0,22675.35,22464.45,22595.0,-0.005967713197818858
2025-05-23,22628.75,22813.25,22580.8,22781.05,0.008234122593494098
2025-05-26,22852.7,22970.7,22845.4,22908.3,0.00558578292045353
2025-05-27,22895.05,22963.1,22721.8,22816.5,-0.004007281203755819
2025-05-28,22843.25,22871.2,22765.7,22779.4,-0.001626016260162566
2025-05-29,22859.45,22899.15,22750.15,22861.35,0.0035975486623878172
2025-05-30,22868.25,22912.3,22759.15,22801.95,-0.0025982717556048973
2025-06-02,22758.6,22863.35,22664.15,22834.5,0.0014275094893199114
2025-06-03,22906.2,22946.15,22691.25,22711.3,-0.005395344763406307
2025-06-04,22742.2,22823.95,22667.9,22807.85,0.004251187734739981
2025-06-05,22879.2,23026.3,22828.85,22934.5,0.005552912703301827
2025-06-06,22962.0,23180.35,22891.6,23165.1,0.010054721053434745
2025-06-09,23308.65,23335.35,23254.55,23330.55,0.007142209617053252
2025-06-10,23422.3,23423.8,23287.35,23339.95,0.0004029052036922387
2025-06-11,23376.6,23423.6,23271.4,23337.85,-8.997448580660983e-05
2025-06-12,23363.5,23370.3,23009.65,23046.45,-0.012486154465814026
2025-06-13,22631.7,22932.25,22631.7,22906.2,-0.0060855359502223205
2025-06-16,22914.85,23106.7,22789.4,23095.05,0.00824449275741923
2025-06-17,23126.8,23128.5,22959.15,22981.5,-0.0049166379808659455
2025-06-18,22937.75,23066.85,22868.35,22925.2,-0.002449796575506369
2025-06-19,22921.6,22973.15,22712.55,22763.5,-0.007053373580165112
2025-06-20,22760.65,23064.7,22760.6,23041.1,0.01219496123179642
2025-06-23,22880.35,23063.35,22837.8,23001.5,-0.0017186679455407639
2025-06-24,23212.3,23307.95,23074.25,23113.2,0.004856205030106864
2025-06-25,23216.15,23303.65,23190.85,23296.85,0.00794567606389407
2025-06-26,23341.2,23529.65,23319.85,23517.55,0.009473383740720376
2025-06-27,23566.7,23644.35,23538.55,23620.15,0.004362699345807908
2025-06-30,23672.35,23677.55,23563.0,23617.2,-0.00012489336435206333
2025-07-01,23659.75,23669.95,23558.9,23615.45,-7.409853835338431e-05
2025-07-02,23653.05,23669.3,23463.85,23547.25,-0.0028879398868114636
2025-07-03,23591.8,23647.1,23503.55,23521.85,-0.0010786822240389515
2025-07-04,23553.45,23570.9,23448.9,23562.45,0.0017260547108328694
2025-07-07,23561.6,23595.3,23506.5,23551.2,-0.0004774545940681163
2025-07-08,23540.6,23600.35,23469.95,23572.55,0.0009065355480823989
2025-07-09,23576.45,23613.9,23513.85,23557.45,-0.0006405755847372907
2025-07-10,23595.85,23605.5,23444.95,23471.4,-0.0036527722652494043
2025-07-11,23408.8,23462.35,23256.3,23282.7,-0.008039571563690284
2025-07-14,23290.15,23329.2,23200.1,23309.05,0.001131741593543678
2025-07-15,23334.55,23469.45,23332.8,23449.15,0.006010540970138312
2025-07-16,23458.9,23502.9,23403.5,23472.5,0.0009957717017461398
2025-07-17,23507.65,23514.7,23409.05,23419.7,-0.002249440835019656
2025-07-18,23430.0,23449.45,23240.85,23275.15,-0.006172154212052194
2025-07-21,23296.75,23394.5,23184.9,23378.45,0.004438209850419872
2025-07-22,23449.75,23456.0,23306.4,23320.9,-0.002461668759049407
2025-07-23,23382.4,23435.55,23296.0,23428.4,0.004609599114957064
2025-07-24,23447.35,23449.4,23257.6,23301.1,-0.005433576343241708
2025-07-25,23255.25,23255.25,22993.0,23014.8,-0.012286973576354776
2025-07-28,22967.4,23094.85,22818.15,22846.95,-0.007293133114343764
2025-07-29,22793.0,23024.15,22777.7,23007.35,0.007020630762530677
2025-07-30,23064.25,23070.35,22959.45,23033.55,0.001138766524610535
2025-07-31,22804.2,23071.25,22802.15,22914.95,-0.005149010899318518
2025-08-01,22901.6,22917.85,22646.75,22673.65,-0.010530243356411395
2025-08-04,22699.7,22871.6,22648.6,22860.4,0.008236433040114788
2025-08-05,22869.5,22878.1,22736.05,22798.5,-0.002707739147171595
2025-08-06,22807.55,22818.2,22622.35,22666.85,-0.005774502708511542
2025-08-07,22563.4,22726.9,22425.85,22694.1,0.0012021961587076468
2025-08-08,22680.9,22690.35,22419.7,22443.15,-0.011057940169471259
2025-08-11,22447.55,22650.1,22406.0,22633.45,0.008479201894564747
2025-08-12,22633.65,22730.25,22554.3,22568.6,-0.002865228235200634
2025-08-13,22655.15,22733.8,22624.45,22698.1,0.005738060845599691
2025-08-14,22713.65,22754.15,22646.7,22680.25,-0.0007864094351508477
2025-08-18,22958.3,23040.85,22913.05,22931.5,0.011077920216928883
2025-08-19,22959.5,23077.1,22908.15,23066.6,0.005891459346313965
2025-08-20,23067.7,23171.15,23025.85,23143.15,0.0033186512099747656
2025-08-21,23221.75,23230.95,23126.75,23137.15,-0.00025925597855092075
2025-08-22,23133.85,23144.55,22980.85,22991.3,-0.006303715021080958
2025-08-25,23069.3,23106.9,23022.1,23052.0,0.0026401290923088183
2025-08-26,22994.85,23013.05,22746.75,22768.65,-0.012291775117126424
2025-08-28,22762.25,22762.25,22529.6,22541.65,-0.00996984889310526
2025-08-29,22524.15,22624.7,22443.8,22462.95,-0.003491314965852088
2025-09-01,22491.9,22720.55,22491.9,22713.55,0.011156148235204943
2025-09-02,22758.2,22858.2,22678.45,22724.4,0.0004776884282731153
2025-09-03,22764.0,22877.35,22709.2,22864.65,0.006171780113006342
2025-09-04,23116.9,23116.9,22795.0,22819.65,-0.0019681036009735475
2025-09-05,22891.75,22916.0,22718.5,22829.15,0.0004163078750112348
2025-09-08,22892.8,22974.85,22835.9,22878.65,0.0021682804659832744
2025-09-09,22949.55,22964.05,22893.05,22949.1,0.0030792900804896828
2025-09-10,23056.8,23121.75,23027.05,23074.15,0.005449015429799031
2025-09-11,23073.45,23128.55,23065.7,23102.65,0.001235148423669008
2025-09-12,23171.55,23210.4,23129.9,23190.25,0.0037917728052840882
2025-09-15,23213.15,23249.2,23182.05,23215.85,0.0011039122044824712
2025-09-16,23240.25,23386.65,23217.3,23369.3,0.006609708453491958
2025-09-17,23419.1,23464.4,23395.75,23445.2,0.0032478508128186423
2025-09-18,23534.15,23538.9,23434.45,23518.9,0.0031435005886066847
2025-09-19,23530.6,23541.3,23451.6,23486.65,-0.0013712376003979232
2025-09-22,23434.75,23523.55,23335.1,23381.45,-0.0044791402775619105
2025-09-23,23408.2,23434.3,23253.1,23325.25,-0.0024036148314154904
2025-09-24,23293.4,23317.2,23165.95,23178.25,-0.006302183256342353
2025-09-25,23169.45,23235.55,23009.55,23022.4,-0.006723976141425614
2025-09-26,22965.9,22994.15,22692.7,22713.15,-0.0134325700187643
2025-09-29,22783.9,22865.1,22677.0,22739.1,0.0011425099556863216
2025-09-30,22793.65,22829.2,22669.3,22734.1,-0.000219885571548617
2025-10-01,22745.95,22943.2,22726.25,22928.3,0.008542233912932629
2025-10-03,22905.1,23037.5,22874.15,23027.7,0.004335253812973505
2025-10-06,23055.15,23177.25,23008.3,23169.65,0.006164315150883448
2025-10-07,23191.35,23275.1,23170.85,23209.5,0.0017199223984825096
2025-10-08,23197.95,23265.2,23087.9,23109.35,-0.004315043408948949
2025-10-09,23144.3,23251.65,23101.85,23241.75,0.005729282736208541
2025-10-10,23247.45,23374.25,23220.05,23337.55,0.0041218927146191575
2025-10-13,23245.05,23315.65,23201.55,23294.8,-0.0018318118225777447
2025-10-14,23349.75,23374.0,23121.5,23184.05,-0.004754279925133553
2025-10-15,23227.55,23400.95,23224.15,23377.35,0.008337628671435615
2025-10-16,23443.3,23592.85,23428.15,23563.8,0.007975668756296184
2025-10-17,23547.0,23679.05,23515.85,23598.05,0.001453500708714195
2025-10-20,23699.35,23766.55,23654.75,23716.1,0.0050025319888720166
2025-10-21,23791.9,23818.35,23723.4,23759.2,0.0018173308427609225
2025-10-23,23899.75,23926.1,23727.6,23755.9,-0.0001388935654398349
2025-10-24,23796.2,23802.75,23622.8,23686.6,-0.0029171700503876075
2025-10-27,23742.7,23856.3,23723.4,23840.9,0.006514231675293303
2025-10-28,23844.75,23907.55,23717.05,23812.55,-0.001189132960584649
2025-10-29,23851.55,23971.55,23821.3,23952.4,0.005872953547604087
2025-10-30,23933.65,23949.75,23804.45,23841.3,-0.004638366092750701
2025-10-31,23847.6,23913.45,23698.05,23710.4,-0.005490472415514147
2025-11-03,23711.95,23840.1,23695.15,23810.7,0.004230211215331625
2025-11-04,23811.3,23829.7,23660.2,23675.45,-0.00568021939716179
2025-11-06,23683.35,23713.4,23501.05,23513.15,-0.006855202329839494
2025-11-07,23441.05,23570.1,23291.2,23521.5,0.0003551204326088797
2025-11-10,23545.35,23658.85,23542.1,23596.9,0.003205577875560639
2025-11-11,23634.65,23693.8,23476.3,23682.65,0.003633951917412892
2025-11-12,23796.95,23874.85,23766.2,23836.9,0.006513206925745196
2025-11-13,23867.65,23935.1,23793.65,23816.0,-0.0008767918647140105
2025-11-14,23751.25,23858.3,23717.0,23836.35,0.000854467584816776
2025-11-17,23889.55,23964.75,23863.55,23954.55,0.004958812905499377
2025-11-18,23970.45,23973.05,23800.95,23824.65,-0.005422769369493374
2025-11-19,23832.55,23924.3,23766.6,23906.3,0.0034271227489175438
2025-11-20,23984.4,24032.1,23918.8,23975.45,0.002892542969844758
2025-11-21,23917.5,23938.3,23776.3,23790.25,-0.007724568256278874
2025-11-24,23827.25,23835.2,23642.55,23674.55,-0.004863336871197221
2025-11-25,23700.55,23745.5,23635.8,23655.05,-0.0008236692988884409
2025-11-26,23654.75,23965.35,23654.75,23955.2,0.012688622514008596
2025-11-27,24011.9,24026.25,23879.6,23947.75,-0.0003109971947635737
2025-11-28,23968.8,23979.7,23907.75,23933.2,-0.000607572736478379
2025-12-01,24034.95,24035.0,23871.75,23922.45,-0.0004491668477262234
2025-12-02,23870.6,23925.85,23782.75,23822.25,-0.004188534201137406
2025-12-03,23813.45,23845.8,23641.75,23716.3,-0.004447522799063908
2025-12-04,23718.1,23820.45,23680.25,23741.1,0.0010456943115071393
2025-12-05,23720.7,23848.45,23672.35,23835.25,0.003965696618943637
2025-12-08,23821.75,23833.15,23460.7,23526.2,-0.012966090139604147
2025-12-09,23447.05,23556.35,23259.7,23516.25,-0.0004229327303176822
2025-12-10,23540.15,23628.3,23386.8,23408.8,-0.004569180885557911
2025-12-11,23421.9,23562.15,23344.25,23550.85,0.006068230750828629
2025-12-12,23620.35,23737.7,23613.0,23726.2,0.007445591135776475
2025-12-15,23654.0,23735.7,23591.3,23725.2,-4.214749938891149e-05
2025-12-16,23676.8,23687.35,23542.55,23570.15,-0.006535245224487007
2025-12-17,23597.6,23635.05,23449.5,23496.05,-0.0031438068913436368
2025-12-18,23469.8,23553.25,23363.5,23491.5,-0.00019364957088530144
2025-12-19,23562.65,23688.35,23548.95,23677.55,0.007919885916182423
2025-12-22,23760.95,23878.65,23743.25,23867.65,0.008028702293945145
2025-12-23,23906.1,23929.25,23825.15,23895.15,0.0011521871654729399
2025-12-24,23903.1,23956.8,23836.55,23850.25,-0.0018790423998176209
2025-12-26,23841.95,23885.35,23752.55,23780.25,-0.0029349797171936975
2025-12-29,23804.4,23826.75,23660.3,23682.1,-0.004127374607079459
2025-12-30,23675.3,23704.2,23599.9,23668.8,-0.0005616056008546089
2025-12-31,23710.45,23921.45,23709.55,23871.55,0.008566129250321186
2026-01-01,23914.65,23925.55,23835.55,23909.55,0.0015918530635841144
2026-01-02,23935.95,24107.7,23921.45,24099.0,0.007923612113151401
2026-01-05,24123.1,24144.2,23999.15,24058.45,-0.0016826424332959666
2026-01-06,24042.9,24089.75,23941.4,24010.5,-0.0019930627284800995
2026-01-07,23995.85,24050.55,23942.25,24016.6,0.00025405551737778254
2026-01-08,23996.2,24010.45,23657.35,23680.1,-0.01401114229324718
2026-01-09,23646.75,23741.75,23407.7,23467.35,-0.008984337059387393
2026-01-12,23459.4,23533.45,23199.5,23510.45,0.0018365942469005248
2026-01-13,23603.45,23627.05,23336.05,23480.65,-0.0012675214638596666
2026-01-14,23422.1,23558.7,23399.9,23475.85,-0.00020442364244610545
2026-01-16,23502.85,23652.7,23455.5,23485.3,0.00040254133503148104
2026-01-19,23443.3,23443.35,23324.85,23373.75,-0.004749779649397712
2026-01-20,23365.65,23368.15,22888.65,22946.65,-0.018272634900261986
2026-01-21,22864.5,22981.8,22586.8,22835.15,-0.004859097079530139
2026-01-22,23013.45,23144.55,22888.5,23008.75,0.007602314852321879
2026-01-23,23072.3,23073.35,22679.7,22706.2,-0.013149345357744258
2026-01-27,22752.7,22886.95,22562.95,22819.25,0.0049788163585275935
2026-01-28,22899.6,23101.75,22884.5,23082.1,0.011518783483243311
2026-01-29,23107.5,23158.6,22922.6,23134.8,0.0022831544790118397
2026-01-30,22994.3,23110.2,22916.0,23079.5,-0.0023903383647145837
2026-02-01,23067.5,23160.1,22337.3,22611.3,-0.020286401351849115
2026-02-02,22595.45,22869.7,22408.5,22837.0,0.009981734796318698
2026-02-03,23870.2,23912.35,23355.5,23446.3,0.02668038709112408
2026-02-04,23414.1,23562.7,23284.45,23534.95,0.0037809803679045295
2026-02-05,23509.75,23509.95,23337.35,23411.7,-0.005236892366459189
2026-02-06,23366.5,23447.0,23211.4,23434.0,0.0009525151953937439
2026-02-09,23600.85,23693.05,23535.4,23683.4,0.01064265596995817
2026-02-10,23752.6,23796.4,23691.5,23753.75,0.0029704349882195835
2026-02-11,23808.1,23811.15,23707.15,23783.05,0.0012334894490342307
2026-02-12,23753.8,23753.8,23589.05,23651.55,-0.005529147859504979
2026-02-13,23448.7,23464.05,23285.0,23313.15,-0.014307730360166526
2026-02-16,23248.55,23487.35,23190.2,23472.45,0.006833053448375592
2026-02-17,23445.3,23563.25,23394.8,23540.05,0.00287997205234225
2026-02-18,23571.5,23657.75,23490.35,23645.8,0.004492343899014761
2026-02-19,23691.6,23697.9,23235.35,23297.45,-0.014732003146436079
2026-02-20,23252.75,23467.4,23221.15,23395.0,0.004187153529678023
2026-02-23,23493.3,23566.85,23394.25,23484.95,0.0038448386407352597
2026-02-24,23418.1,23418.1,23168.05,23304.6,-0.007679386160072799
2026-02-25,23388.45,23500.1,23325.9,23403.8,0.004256670356925341
2026-02-26,23462.05,23502.95,23340.75,23448.5,0.0019099462480451912
2026-02-27,23423.95,23433.55,23136.75,23166.85,-0.012011429302514087
2026-03-02,22547.0,22992.35,22539.65,22835.95,-0.014283340203782413
2026-03-04,22438.0,22517.4,22283.15,22409.8,-0.018661365084439274
2026-03-05,22536.75,22760.85,22468.2,22697.8,0.012851520317004095
2026-03-06,22621.55,22701.6,22456.45,22481.3,-0.009538369357382614
2026-03-09,21995.15,22090.7,21743.15,22056.55,-0.018893480359231885
2026-03-10,22310.8,22385.65,22141.85,22342.95,0.012984804967232089
2026-03-11,22351.85,22440.9,22009.3,22042.3,-0.013456146122154955
2026-03-12,21888.4,22059.6,21703.9,21897.5,-0.006569187425994549
2026-03-13,21763.25,21780.75,21351.1,21391.2,-0.023121360885945852
2026-03-16,21355.95,21593.25,21110.0,21498.8,0.0050301058379145225
2026-03-17,21585.05,21729.65,21446.15,21669.3,0.007930675200476411
2026-03-18,21721.45,21990.4,21713.4,21917.4,0.01144937769101917
2026-03-19,21466.4,21562.8,21156.2,21225.8,-0.03155483770885248
2026-03-20,21349.95,21558.0,21294.85,21327.9,0.004810183832882675
2026-03-23,21079.6,21090.05,20611.8,20664.25,-0.031116518738366294
2026-03-24,21045.45,21183.15,20743.9,21067.0,0.019490182319706673
2026-03-25,21236.25,21612.45,21236.05,21478.2,0.01951867850192257
2026-03-27,21357.35,21364.35,21007.15,21020.15,-0.021326275013734852
2026-03-30,20762.35,20889.25,20490.45,20528.05,-0.023410870046122523
2026-04-01,21067.15,21153.25,20867.4,20935.15,0.01983140142390538
2026-04-02,20666.7,20990.05,20385.65,20938.35,0.00015285297693101718
2026-04-06,20990.85,21217.95,20789.45,21194.05,0.012212041541000085
2026-04-07,21085.3,21313.1,20959.35,21296.45,0.004831544702404766
2026-04-08,21998.6,22159.5,21952.4,22137.1,0.03947371510275177
2026-04-09,22090.7,22189.5,21943.2,22037.5,-0.004499234317051348
2026-04-10,22151.05,22364.3,22133.15,22346.75,0.014032898468519628
2026-04-13,21906.15,22244.9,21816.35,22179.05,-0.007504446955373889
2026-04-15,22506.95,22621.9,22496.75,22595.55,0.01877898286896862
2026-04-16,22757.05,22792.25,22529.65,22656.3,0.002688582486374491
2026-04-17,22660.55,22882.15,22605.15,22869.4,0.009405772345881802
2026-04-20,22906.65,22987.6,22717.55,22865.8,-0.0001574155858921067
2026-04-21,22898.95,23064.35,22893.6,23042.35,0.007721138118937487
2026-04-22,22975.85,23054.5,22923.55,22991.5,-0.0022068061634338276
2026-04-23,22873.15,22957.6,22788.6,22810.85,-0.007857251592980119
2026-04-24,22788.8,22872.05,22472.5,22570.05,-0.010556379968304497
2026-04-27,22645.85,22853.85,22640.85,22821.4,0.011136439662295938
2026-04-28,22808.15,22904.0,22733.9,22765.6,-0.0024450734836601873
2026-04-29,22875.3,23026.95,22825.15,22871.0,0.004629792318234571
2026-04-30,22736.8,22759.0,22498.0,22683.55,-0.008195968693979316
2026-05-04,22783.8,22954.3,22709.75,22830.75,0.006489284084722158
2026-05-05,22796.65,22842.25,22672.8,22808.25,-0.0009855129594954493
2026-05-06,22978.95,23150.9,22849.95,23133.4,0.014255806561222384
2026-05-07,23219.35,23304.5,23142.45,23214.0,0.0034841398151590486
2026-05-08,23166.05,23185.65,23080.3,23115.65,-0.004236667528215721
2026-05-11,22957.4,22962.15,22777.45,22795.75,-0.013839109001909988
2026-05-12,22728.7,22768.1,22270.95,22299.9,-0.021751861640875947
2026-05-13,22292.15,22532.0,22208.5,22377.35,0.003473109744886571
2026-05-14,22505.0,22675.8,22338.65,22613.1,0.010535206358214921
2026-05-15,22664.4,22710.85,22502.6,22531.15,-0.003624005554302423
2026-05-18,22382.0,22494.1,22150.5,22461.05,-0.00311124820526254
2026-05-19,22501.15,22646.65,22485.45,22521.75,0.0027024560294377498
2026-05-20,22379.85,22597.65,22316.45,22578.15,0.0025042458956343605
2026-05-21,22745.9,22781.0,22557.0,22602.85,0.0010939780274290545
2026-05-22,22639.7,22727.9,22604.8,22651.3,0.002143534996692953
2026-05-25,22859.5,22949.95,22849.1,22929.45,0.01227964840870066
2026-05-26,22925.65,23015.0,22858.2,22897.2,-0.0014064881626031367
2026-05-27,22895.75,22999.45,22886.45,22967.4,0.0030658770504690125
2026-05-29,23012.8,23075.25,22598.45,22657.0,-0.013514807945174567
2026-06-01,22760.8,22810.2,22414.8,22437.95,-0.009668093745862194
2026-06-02,22302.05,22563.25,22253.0,22521.1,0.0037057752602174254
2026-06-03,22488.15,22505.0,22202.6,22451.85,-0.0030748942103183685
2026-06-04,22362.4,22559.85,22328.35,22497.7,0.0020421479744432425
2026-06-05,22569.45,22614.65,22379.05,22465.35,-0.0014379247656428618
2026-06-08,22191.55,22357.7,22119.3,22173.7,-0.012982214833065053
2026-06-09,22298.85,22390.5,22233.45,22370.15,0.008859594925519909
2026-06-10,22377.0,22455.9,22200.35,22233.85,-0.0060929408162216925
2026-06-11,22128.55,22258.9,22063.75,22114.45,-0.005370190048057277
2026-06-12,22376.45,22618.7,22295.15,22599.8,0.021947188376830518
2026-06-15,22955.8,23019.45,22859.65,22891.3,0.01289834423313474
2026-06-16,22962.45,23009.4,22902.35,22997.25,0.004628395940815988
2026-06-17,23048.7,23120.9,22990.95,23109.7,0.004889715074628542
2026-06-18,23129.9,23221.35,23090.35,23206.45,0.004186553698230622
2026-06-19,23082.7,23174.65,23023.35,23144.2,-0.0026824438895221014
2026-06-22,23240.9,23289.75,23213.85,23261.85,0.005083347015666817
2026-06-23,23260.0,23302.25,22976.95,23010.95,-0.010785900519520109
2026-06-24,22992.9,23183.6,22941.05,23126.3,0.005012830847922256
2026-06-25,23224.4,23289.95,23093.9,23113.7,-0.0005448342363455483
2026-06-29,23112.6,23148.75,22943.85,23000.0,-0.004919160497886543
2026-06-30,23074.15,23088.95,22932.05,22995.65,-0.00018913043478252511
2026-07-01,23038.65,23144.1,23032.95,23111.65,0.005044432316546832
2026-07-02,23182.05,23276.2,23170.75,23264.8,0.0066265281795110376
2026-07-03,23416.65,23416.65,23284.3,23301.15,0.0015624462707610753
2026-07-06,23342.5,23447.3,23319.65,23433.95,0.00569928952004517
2026-07-07,23472.4,23485.35,23332.9,23368.85,-0.0027780207775471855
2026-07-08,23239.65,23307.0,22822.8,22908.05,-0.019718556967929457
2026-07-09,22958.35,23175.25,22956.4,23081.15,0.007556295712642491
2026-07-10,23239.7,23358.35,23234.45,23348.4,0.011578712499160648
2026-07-13,23194.8,23379.35,23135.3,23347.05,-5.78198077813008e-05
2026-07-14,23235.25,23287.45,23167.85,23199.45,-0.006321997854118577
2026-07-15,23250.85,23368.9,23203.95,23263.9,0.002778083101107942
2026-07-16,23332.8,23348.2,23212.9,23232.65,-0.0013432829405215507
2026-07-17,23272.3,23357.9,23235.05,23336.3,0.004461393771265865
2026-07-20,23244.3,23363.3,23219.45,23338.05,7.49904654979705e-05
2026-07-21,23340.7,23383.1,23286.15,23352.15,0.0006041635869322715
2026-07-22,23334.3,23335.6,23118.05,23145.05,-0.008868562423588466
2026-07-23,23069.1,23148.9,22937.75,22982.4,-0.007027420549966301
2026-07-24,22805.55,22956.95,22713.5,22913.3,-0.0030066485658591935
2026-07-27,23070.6,23160.6,23061.35,23153.1,0.010465537482597487
2026-07-28,23146.65,23172.1,23087.1,23114.9,-0.0016498870561608703
2026-07-29,23261.05,23377.8,23233.4,23352.6,0.010283410267835746
2026-07-30,23347.2,23384.65,23274.15,23353.55,4.068069508322836e-05
2026-07-31,23409.85,23506.55,23375.55,23460.7,0.0045881675376977515
2026-08-03,23619.15,23803.75,23578.55,23802.85,0.014583963820346213
2026-08-04,23771.45,23771.45,23573.6,23690.15,-0.004734727144018347
2026-08-05,23779.35,23782.7,23643.3,23735.55,0.0019164082962750406
2026-08-06,23756.15,23783.85,23708.55,23729.45,-0.00025699846854188024
2026-08-07,23665.6,23754.5,23657.1,23712.1,-0.0007311589607008617
2026-08-10,23732.75,23777.4,23667.4,23743.2,0.0013115666684941907
2026-08-11,23755.4,23756.05,23638.55,23681.15,-0.0026133798308568545
2026-08-12,23689.55,23690.05,23526.2,23672.45,-0.0003673808070976392
2026-08-13,23678.7,23678.7,23585.6,23658.1,-0.0006061898958494849
2026-08-14,23635.65,23638.3,23564.3,23594.9,-0.0026713895029607526
2026-08-17,23581.75,23617.3,23488.45,23564.45,-0.001290533123683546
2026-08-18,23521.85,23555.3,23470.9,23472.4,-0.003906308019071103
2026-08-19,23475.35,23488.25,23348.3,23386.2,-0.0036723982208892725
2026-08-20,23519.8,23565.9,23491.6,23512.95,0.005419862996125957
2026-08-21,23554.15,23554.15,23477.0,23530.3,0.0007378912471638355
2026-08-24,23560.6,23587.85,23454.1,23511.75,-0.0007883452399671809
2026-08-25,23483.95,23613.9,23423.35,23611.6,0.004246812763830876
2026-08-26,23641.35,23684.1,23557.95,23559.2,-0.0022192481661554853
2026-08-27,23615.65,23642.85,23480.15,23482.0,-0.003276851505993439
2026-08-28,23513.05,23552.3,23451.1,23528.55,0.0019823694744911524
2026-08-31,23477.75,23485.15,23307.2,23450.35,-0.003323621727645776
