,ADANIENT,ADANIPORTS,APOLLOHOSP,ASIANPAINT,AXISBANK,BAJAJ-AUTO,BAJAJFINSV,BAJFINANCE,BEL,BHARTIARTL,BPCL,CIPLA,COALINDIA,DRREDDY,EICHERMOT,GRASIM,HCLTECH,HDFCBANK,HDFCLIFE,HINDALCO,HINDUNILVR,ICICIBANK,INDIGO,INFY,ITC,JIOFIN,JSWSTEEL,KOTAKBANK,LT,M&M,MARUTI,MAXHEALTH,NESTLEIND,NTPC,ONGC,POWERGRID,RELIANCE,SBILIFE,SBIN,SHRIRAMFIN,SUNPHARMA,TATACONSUM,TATAMOTORS,TCS,TECHM,TITAN,TRENT,ULTRACEMCO,WIPRO,ZOMATO
ADANIENT,1.0,0.7732,0.1805,0.2422,0.271,0.2092,0.3369,0.3225,0.3634,0.239,0.3198,0.1321,0.2966,0.1713,0.2879,0.3492,0.1516,0.2897,0.3105,0.2541,0.0925,0.2957,0.279,0.1467,0.1957,0.4511,0.3339,0.2344,0.3321,0.3057,0.2575,0.1302,0.1399,0.3546,0.2193,0.2397,0.3409,0.2978,0.4296,0.3183,0.1809,0.2233,0.316,0.1564,0.179,0.271,0.2357,0.3096,0.2039,0.273
ADANIPORTS,0.7732,1.0,0.2117,0.2764,0.3486,0.2447,0.3883,0.3802,0.4633,0.2927,0.4047,0.1472,0.3665,0.1853,0.3128,0.4113,0.1974,0.3587,0.3306,0.3163,0.1474,0.3682,0.3487,0.1842,0.2753,0.4734,0.3954,0.2823,0.4337,0.3561,0.3019,0.1481,0.1718,0.4267,0.278,0.3316,0.4202,0.3495,0.5047,0.3732,0.2299,0.2606,0.3545,0.1927,0.2187,0.3384,0.2822,0.3906,0.2579,0.3007
APOLLOHOSP,0.1805,0.2117,1.0,0.2332,0.1976,0.2127,0.2723,0.28,0.2334,0.2042,0.1795,0.2268,0.182,0.2131,0.2419,0.2824,0.2116,0.1941,0.2013,0.2072,0.1935,0.2363,0.2396,0.1608,0.16,0.2493,0.2518,0.1922,0.2469,0.2496,0.1949,0.284,0.2324,0.1775,0.1156,0.179,0.2176,0.214,0.2053,0.2428,0.2482,0.2395,0.2462,0.1691,0.2264,0.2614,0.1777,0.2653,0.2366,0.232
ASIANPAINT,0.2422,0.2764,0.2332,1.0,0.1963,0.2362,0.3475,0.331,0.1731,0.209,0.2541,0.1447,0.0639,0.1724,0.3283,0.3535,0.1879,0.2683,0.2365,0.1292,0.3717,0.2745,0.3166,0.1822,0.2285,0.2901,0.2165,0.2303,0.3084,0.2676,0.3376,0.1611,0.3409,0.1501,-0.0217,0.1116,0.2681,0.2634,0.2372,0.2454,0.2159,0.3366,0.2208,0.2375,0.174,0.3399,0.2493,0.3707,0.214,0.1723
AXISBANK,0.271,0.3486,0.1976,0.1963,1.0,0.2586,0.4334,0.4079,0.2923,0.2352,0.2835,0.1279,0.2485,0.1464,0.3461,0.3972,0.1664,0.4508,0.3264,0.2524,0.2274,0.5776,0.3466,0.1798,0.2318,0.386,0.3545,0.4085,0.4011,0.3239,0.3473,0.1495,0.2039,0.3075,0.1835,0.1908,0.3424,0.3031,0.5295,0.4364,0.1059,0.2244,0.3139,0.1901,0.1748,0.2703,0.2357,0.3732,0.211,0.2085
BAJAJ-AUTO,0.2092,0.2447,0.2127,0.2362,0.2586,1.0,0.2735,0.2476,0.2199,0.2706,0.2511,0.1336,0.1657,0.1865,0.4191,0.2982,0.1932,0.2467,0.2389,0.2373,0.2115,0.2235,0.2534,0.1388,0.1836,0.2685,0.283,0.2256,0.2745,0.4051,0.4174,0.145,0.2653,0.2422,0.1758,0.1683,0.2767,0.2493,0.2465,0.2972,0.2123,0.2598,0.3573,0.1558,0.1569,0.3029,0.2406,0.2934,0.1859,0.1801
BAJAJFINSV,0.3369,0.3883,0.2723,0.3475,0.4334,0.2735,1.0,0.7889,0.2855,0.257,0.3338,0.138,0.2392,0.1553,0.3398,0.443,0.2721,0.4092,0.364,0.2943,0.2105,0.4237,0.3571,0.2948,0.2417,0.3519,0.3614,0.3903,0.394,0.399,0.3525,0.1476,0.2661,0.3053,0.1447,0.1987,0.3963,0.4156,0.4318,0.4522,0.2199,0.3116,0.3662,0.2807,0.2788,0.4017,0.3018,0.4193,0.3161,0.2677
BAJFINANCE,0.3225,0.3802,0.28,0.331,0.4079,0.2476,0.7889,1.0,0.2699,0.2658,0.3019,0.1006,0.2035,0.1435,0.3261,0.4083,0.2227,0.4289,0.3109,0.2463,0.2145,0.4255,0.3548,0.2563,0.2721,0.3294,0.35,0.4099,0.375,0.3865,0.3651,0.1517,0.2549,0.2797,0.131,0.1475,0.3667,0.3458,0.4159,0.4511,0.1847,0.2867,0.3293,0.238,0.2426,0.3826,0.2984,0.4084,0.2727,0.2876
BEL,0.3634,0.4633,0.2334,0.1731,0.2923,0.2199,0.2855,0.2699,1.0,0.2369,0.3995,0.1647,0.44,0.1709,0.2918,0.3462,0.1689,0.2489,0.2812,0.3761,0.0899,0.2832,0.3188,0.1413,0.259,0.4058,0.387,0.2583,0.4449,0.333,0.2225,0.1393,0.153,0.4416,0.3629,0.3747,0.3574,0.2672,0.4557,0.3556,0.1808,0.237,0.3434,0.1352,0.1985,0.2768,0.2683,0.3378,0.2128,0.2486
BHARTIARTL,0.239,0.2927,0.2042,0.209,0.2352,0.2706,0.257,0.2658,0.2369,1.0,0.2355,0.1794,0.1862,0.19,0.3061,0.3097,0.2769,0.2821,0.2463,0.2589,0.17,0.3176,0.2144,0.2462,0.2405,0.1783,0.3098,0.2967,0.2929,0.3022,0.273,0.148,0.1753,0.2398,0.2094,0.1944,0.3191,0.2724,0.2734,0.2515,0.2387,0.2611,0.2384,0.21,0.2448,0.2776,0.2127,0.2779,0.2494,0.1813
BPCL,0.3198,0.4047,0.1795,0.2541,0.2835,0.2511,0.3338,0.3019,0.3995,0.2355,1.0,0.1301,0.3726,0.1822,0.2848,0.3874,0.1571,0.283,0.2773,0.278,0.1302,0.2509,0.3775,0.1695,0.2033,0.3738,0.3427,0.2313,0.4155,0.3137,0.2721,0.1238,0.154,0.4277,0.3214,0.3502,0.364,0.2799,0.4416,0.3488,0.225,0.2401,0.3713,0.2251,0.2177,0.3114,0.2263,0.3745,0.2558,0.2292
CIPLA,0.1321,0.1472,0.2268,0.1447,0.1279,0.1336,0.138,0.1006,0.1647,0.1794,0.1301,1.0,0.1091,0.4149,0.129,0.1762,0.119,0.1165,0.1503,0.1474,0.1256,0.1013,0.1146,0.1161,0.1497,0.2517,0.1842,0.0951,0.1863,0.1659,0.1108,0.1605,0.1366,0.1541,0.0767,0.132,0.1274,0.1735,0.1058,0.1359,0.3758,0.1135,0.1397,0.1256,0.0971,0.1546,0.1171,0.1787,0.1335,0.0854
COALINDIA,0.2966,0.3665,0.182,0.0639,0.2485,0.1657,0.2392,0.2035,0.44,0.1862,0.3726,0.1091,1.0,0.1554,0.1862,0.2922,0.1857,0.1688,0.1894,0.4397,0.0253,0.1861,0.212,0.1149,0.2364,0.3249,0.3959,0.1709,0.3341,0.1953,0.1595,0.0793,0.0811,0.5119,0.5039,0.3559,0.3647,0.2308,0.3559,0.2679,0.214,0.1686,0.2878,0.1562,0.1884,0.2078,0.2202,0.198,0.2101,0.1912
DRREDDY,0.1713,0.1853,0.2131,0.1724,0.1464,0.1865,0.1553,0.1435,0.1709,0.19,0.1822,0.4149,0.1554,1.0,0.1994,0.2346,0.2067,0.1914,0.1699,0.1844,0.146,0.1464,0.1638,0.1946,0.1931,0.185,0.2244,0.0978,0.2388,0.2272,0.1388,0.1355,0.1782,0.1823,0.1188,0.1261,0.1895,0.1764,0.1939,0.1512,0.3575,0.1599,0.2048,0.1902,0.184,0.1779,0.1501,0.2386,0.23,0.1609
EICHERMOT,0.2879,0.3128,0.2419,0.3283,0.3461,0.4191,0.3398,0.3261,0.2918,0.3061,0.2848,0.129,0.1862,0.1994,1.0,0.4007,0.1839,0.3238,0.2687,0.2491,0.2788,0.3539,0.3108,0.1665,0.2556,0.3388,0.3377,0.3299,0.3699,0.4708,0.4969,0.2044,0.2457,0.2391,0.1329,0.1822,0.3336,0.3251,0.3719,0.3405,0.2028,0.3047,0.3844,0.1782,0.1918,0.3447,0.2946,0.3714,0.2285,0.2319
GRASIM,0.3492,0.4113,0.2824,0.3535,0.3972,0.2982,0.443,0.4083,0.3462,0.3097,0.3874,0.1762,0.2922,0.2346,0.4007,1.0,0.2325,0.3938,0.357,0.4177,0.2436,0.42,0.3805,0.2487,0.2994,0.3393,0.5123,0.3501,0.4443,0.387,0.3447,0.1502,0.2997,0.3685,0.2061,0.2677,0.3734,0.3592,0.4515,0.3897,0.2842,0.3711,0.3894,0.2453,0.2568,0.3746,0.3023,0.6348,0.3174,0.2689
HCLTECH,0.1516,0.1974,0.2116,0.1879,0.1664,0.1932,0.2721,0.2227,0.1689,0.2769,0.1571,0.119,0.1857,0.2067,0.1839,0.2325,1.0,0.2287,0.2101,0.2615,0.1814,0.1877,0.1799,0.6995,0.1889,0.176,0.2706,0.1929,0.3076,0.201,0.1585,0.1067,0.1597,0.1441,0.1539,0.1172,0.2602,0.2393,0.1756,0.1758,0.2051,0.2198,0.2324,0.6741,0.6222,0.2336,0.1793,0.2245,0.587,0.1586
HDFCBANK,0.2897,0.3587,0.1941,0.2683,0.4508,0.2467,0.4092,0.4289,0.2489,0.2821,0.283,0.1165,0.1688,0.1914,0.3238,0.3938,0.2287,1.0,0.3401,0.2665,0.2187,0.4951,0.3329,0.2557,0.2322,0.3696,0.3357,0.4814,0.4131,0.3554,0.3098,0.1373,0.1738,0.245,0.115,0.18,0.3648,0.3091,0.4057,0.3799,0.1549,0.2446,0.3021,0.2307,0.2477,0.2847,0.2193,0.3911,0.2866,0.2795
HDFCLIFE,0.3105,0.3306,0.2013,0.2365,0.3264,0.2389,0.364,0.3109,0.2812,0.2463,0.2773,0.1503,0.1894,0.1699,0.2687,0.357,0.2101,0.3401,1.0,0.2422,0.2277,0.3009,0.2955,0.1987,0.1888,0.2958,0.2878,0.3015,0.3273,0.2948,0.2508,0.1855,0.2278,0.2298,0.1297,0.1432,0.2795,0.6081,0.3048,0.3137,0.2222,0.2788,0.2861,0.2053,0.2214,0.276,0.1922,0.3482,0.2479,0.2619
HINDALCO,0.2541,0.3163,0.2072,0.1292,0.2524,0.2373,0.2943,0.2463,0.3761,0.2589,0.278,0.1474,0.4397,0.1844,0.2491,0.4177,0.2615,0.2665,0.2422,1.0,0.0778,0.262,0.2592,0.243,0.2028,0.2939,0.623,0.1959,0.3645,0.2408,0.2173,0.0804,0.1433,0.3548,0.4057,0.2605,0.3556,0.2767,0.3341,0.2756,0.2576,0.1948,0.3445,0.2181,0.2564,0.2712,0.2787,0.2869,0.3113,0.2325
HINDUNILVR,0.0925,0.1474,0.1935,0.3717,0.2274,0.2115,0.2105,0.2145,0.0899,0.17,0.1302,0.1256,0.0253,0.146,0.2788,0.2436,0.1814,0.2187,0.2277,0.0778,1.0,0.2043,0.2295,0.1981,0.3369,0.1205,0.1468,0.2583,0.1779,0.2365,0.2755,0.1322,0.4709,0.0914,-0.0315,0.1092,0.1995,0.2597,0.1344,0.1593,0.1564,0.4212,0.1878,0.1978,0.1211,0.2667,0.1687,0.2644,0.1363,0.1181
ICICIBANK,0.2957,0.3682,0.2363,0.2745,0.5776,0.2235,0.4237,0.4255,0.2832,0.3176,0.2509,0.1013,0.1861,0.1464,0.3539,0.42,0.1877,0.4951,0.3009,0.262,0.2043,1.0,0.3522,0.2286,0.2643,0.3439,0.3717,0.4491,0.4122,0.36,0.3233,0.1568,0.1869,0.2864,0.1557,0.1916,0.336,0.2951,0.5132,0.404,0.2082,0.2492,0.299,0.2127,0.2208,0.2735,0.2189,0.4106,0.2538,0.2282
INDIGO,0.279,0.3487,0.2396,0.3166,0.3466,0.2534,0.3571,0.3548,0.3188,0.2144,0.3775,0.1146,0.212,0.1638,0.3108,0.3805,0.1799,0.3329,0.2955,0.2592,0.2295,0.3522,1.0,0.1745,0.25,0.4286,0.3286,0.3065,0.3687,0.363,0.358,0.1724,0.2092,0.2609,0.0765,0.2038,0.2868,0.2706,0.3766,0.3895,0.183,0.2835,0.3522,0.1684,0.1867,0.2865,0.3055,0.4038,0.2113,0.2818
INFY,0.1467,0.1842,0.1608,0.1822,0.1798,0.1388,0.2948,0.2563,0.1413,0.2462,0.1695,0.1161,0.1149,0.1946,0.1665,0.2487,0.6995,0.2557,0.1987,0.243,0.1981,0.2286,0.1745,1.0,0.1837,0.1487,0.2545,0.1858,0.3052,0.2349,0.138,0.0957,0.1289,0.1054,0.124,0.064,0.2586,0.2385,0.173,0.1843,0.1991,0.2524,0.2212,0.7345,0.6876,0.2404,0.1654,0.2215,0.6343,0.1942
ITC,0.1957,0.2753,0.16,0.2285,0.2318,0.1836,0.2417,0.2721,0.259,0.2405,0.2033,0.1497,0.2364,0.1931,0.2556,0.2994,0.1889,0.2322,0.1888,0.2028,0.3369,0.2643,0.25,0.1837,1.0,0.1856,0.3051,0.2951,0.2737,0.2544,0.2205,0.1214,0.2768,0.2226,0.1589,0.1616,0.3056,0.2004,0.2868,0.2158,0.2091,0.3179,0.2746,0.1657,0.1857,0.2753,0.2027,0.2632,0.1848,0.1777
JIOFIN,0.4511,0.4734,0.2493,0.2901,0.386,0.2685,0.3519,0.3294,0.4058,0.1783,0.3738,0.2517,0.3249,0.185,0.3388,0.3393,0.176,0.3696,0.2958,0.2939,0.1205,0.3439,0.4286,0.1487,0.1856,1.0,0.3339,0.3003,0.4355,0.3321,0.2761,0.207,0.1712,0.376,0.2771,0.2991,0.4644,0.3194,0.3958,0.4327,0.2597,0.1907,0.3887,0.1658,0.1823,0.2742,0.2289,0.3576,0.2402,0.3287
JSWSTEEL,0.3339,0.3954,0.2518,0.2165,0.3545,0.283,0.3614,0.35,0.387,0.3098,0.3427,0.1842,0.3959,0.2244,0.3377,0.5123,0.2706,0.3357,0.2878,0.623,0.1468,0.3717,0.3286,0.2545,0.3051,0.3339,1.0,0.3154,0.4238,0.3481,0.2751,0.165,0.1974,0.4058,0.3448,0.2885,0.3661,0.3124,0.406,0.3508,0.2538,0.2732,0.3859,0.2423,0.2868,0.3373,0.3023,0.4303,0.3213,0.2303
KOTAKBANK,0.2344,0.2823,0.1922,0.2303,0.4085,0.2256,0.3903,0.4099,0.2583,0.2967,0.2313,0.0951,0.1709,0.0978,0.3299,0.3501,0.1929,0.4814,0.3015,0.1959,0.2583,0.4491,0.3065,0.1858,0.2951,0.3003,0.3154,1.0,0.345,0.3153,0.3052,0.1378,0.2051,0.2432,0.1361,0.1761,0.3178,0.3096,0.3714,0.3258,0.1805,0.2473,0.3203,0.1804,0.2153,0.2817,0.1702,0.3394,0.2483,0.1997
LT,0.3321,0.4337,0.2469,0.3084,0.4011,0.2745,0.394,0.375,0.4449,0.2929,0.4155,0.1863,0.3341,0.2388,0.3699,0.4443,0.3076,0.4131,0.3273,0.3645,0.1779,0.4122,0.3687,0.3052,0.2737,0.4355,0.4238,0.345,1.0,0.3708,0.3553,0.1171,0.1997,0.3998,0.2536,0.2783,0.4273,0.3612,0.4638,0.4385,0.2489,0.2799,0.4145,0.301,0.2987,0.3571,0.2863,0.4531,0.3501,0.2496
M&M,0.3057,0.3561,0.2496,0.2676,0.3239,0.4051,0.399,0.3865,0.333,0.3022,0.3137,0.1659,0.1953,0.2272,0.4708,0.387,0.201,0.3554,0.2948,0.2408,0.2365,0.36,0.363,0.2349,0.2544,0.3321,0.3481,0.3153,0.3708,1.0,0.4858,0.2176,0.2524,0.282,0.1612,0.2231,0.36,0.3103,0.3599,0.3791,0.2457,0.2839,0.4792,0.2218,0.2251,0.3635,0.3168,0.4213,0.2609,0.2865
MARUTI,0.2575,0.3019,0.1949,0.3376,0.3473,0.4174,0.3525,0.3651,0.2225,0.273,0.2721,0.1108,0.1595,0.1388,0.4969,0.3447,0.1585,0.3098,0.2508,0.2173,0.2755,0.3233,0.358,0.138,0.2205,0.2761,0.2751,0.3052,0.3553,0.4858,1.0,0.1591,0.2574,0.2477,0.1007,0.1704,0.3034,0.2997,0.3552,0.3238,0.1897,0.283,0.4135,0.1726,0.1598,0.3552,0.2347,0.3526,0.1746,0.2184
MAXHEALTH,0.1302,0.1481,0.284,0.1611,0.1495,0.145,0.1476,0.1517,0.1393,0.148,0.1238,0.1605,0.0793,0.1355,0.2044,0.1502,0.1067,0.1373,0.1855,0.0804,0.1322,0.1568,0.1724,0.0957,0.1214,0.207,0.165,0.1378,0.1171,0.2176,0.1591,1.0,0.1525,0.1355,0.0373,0.0933,0.1476,0.1483,0.1,0.1714,0.2011,0.1319,0.1709,0.0985,0.1363,0.1231,0.1545,0.1958,0.1094,0.1507
NESTLEIND,0.1399,0.1718,0.2324,0.3409,0.2039,0.2653,0.2661,0.2549,0.153,0.1753,0.154,0.1366,0.0811,0.1782,0.2457,0.2997,0.1597,0.1738,0.2278,0.1433,0.4709,0.1869,0.2092,0.1289,0.2768,0.1712,0.1974,0.2051,0.1997,0.2524,0.2574,0.1525,1.0,0.1322,0.0555,0.157,0.2379,0.2512,0.1585,0.1549,0.18,0.4137,0.1694,0.1868,0.1343,0.2833,0.2027,0.3005,0.1768,0.1764
NTPC,0.3546,0.4267,0.1775,0.1501,0.3075,0.2422,0.3053,0.2797,0.4416,0.2398,0.4277,0.1541,0.5119,0.1823,0.2391,0.3685,0.1441,0.245,0.2298,0.3548,0.0914,0.2864,0.2609,0.1054,0.2226,0.376,0.4058,0.2432,0.3998,0.282,0.2477,0.1355,0.1322,1.0,0.471,0.5583,0.3679,0.2701,0.4478,0.3452,0.2305,0.2225,0.3286,0.0964,0.1553,0.2525,0.2134,0.3158,0.2077,0.1608
ONGC,0.2193,0.278,0.1156,-0.0217,0.1835,0.1758,0.1447,0.131,0.3629,0.2094,0.3214,0.0767,0.5039,0.1188,0.1329,0.2061,0.1539,0.115,0.1297,0.4057,-0.0315,0.1557,0.0765,0.124,0.1589,0.2771,0.3448,0.1361,0.2536,0.1612,0.1007,0.0373,0.0555,0.471,1.0,0.3075,0.3509,0.1937,0.3113,0.1775,0.1204,0.089,0.2362,0.1223,0.1767,0.1221,0.1498,0.1389,0.2024,0.103
POWERGRID,0.2397,0.3316,0.179,0.1116,0.1908,0.1683,0.1987,0.1475,0.3747,0.1944,0.3502,0.132,0.3559,0.1261,0.1822,0.2677,0.1172,0.18,0.1432,0.2605,0.1092,0.1916,0.2038,0.064,0.1616,0.2991,0.2885,0.1761,0.2783,0.2231,0.1704,0.0933,0.157,0.5583,0.3075,1.0,0.2796,0.1899,0.3075,0.237,0.1739,0.1645,0.2553,0.0644,0.1158,0.1894,0.1817,0.2218,0.1523,0.1581
RELIANCE,0.3409,0.4202,0.2176,0.2681,0.3424,0.2767,0.3963,0.3667,0.3574,0.3191,0.364,0.1274,0.3647,0.1895,0.3336,0.3734,0.2602,0.3648,0.2795,0.3556,0.1995,0.336,0.2868,0.2586,0.3056,0.4644,0.3661,0.3178,0.4273,0.36,0.3034,0.1476,0.2379,0.3679,0.3509,0.2796,1.0,0.3345,0.4265,0.3148,0.244,0.2706,0.3726,0.2561,0.2711,0.317,0.2923,0.3572,0.303,0.2648
SBILIFE,0.2978,0.3495,0.214,0.2634,0.3031,0.2493,0.4156,0.3458,0.2672,0.2724,0.2799,0.1735,0.2308,0.1764,0.3251,0.3592,0.2393,0.3091,0.6081,0.2767,0.2597,0.2951,0.2706,0.2385,0.2004,0.3194,0.3124,0.3096,0.3612,0.3103,0.2997,0.1483,0.2512,0.2701,0.1937,0.1899,0.3345,1.0,0.3402,0.2785,0.2347,0.2536,0.2986,0.236,0.2516,0.3266,0.2099,0.3508,0.2621,0.2447
SBIN,0.4296,0.5047,0.2053,0.2372,0.5295,0.2465,0.4318,0.4159,0.4557,0.2734,0.4416,0.1058,0.3559,0.1939,0.3719,0.4515,0.1756,0.4057,0.3048,0.3341,0.1344,0.5132,0.3766,0.173,0.2868,0.3958,0.406,0.3714,0.4638,0.3599,0.3552,0.1,0.1585,0.4478,0.3113,0.3075,0.4265,0.3402,1.0,0.4521,0.1634,0.2298,0.3825,0.1942,0.1988,0.3021,0.2809,0.4039,0.2596,0.2521
SHRIRAMFIN,0.3183,0.3732,0.2428,0.2454,0.4364,0.2972,0.4522,0.4511,0.3556,0.2515,0.3488,0.1359,0.2679,0.1512,0.3405,0.3897,0.1758,0.3799,0.3137,0.2756,0.1593,0.404,0.3895,0.1843,0.2158,0.4327,0.3508,0.3258,0.4385,0.3791,0.3238,0.1714,0.1549,0.3452,0.1775,0.237,0.3148,0.2785,0.4521,1.0,0.1948,0.2467,0.3938,0.1625,0.1868,0.3274,0.2565,0.393,0.2254,0.2448
SUNPHARMA,0.1809,0.2299,0.2482,0.2159,0.1059,0.2123,0.2199,0.1847,0.1808,0.2387,0.225,0.3758,0.214,0.3575,0.2028,0.2842,0.2051,0.1549,0.2222,0.2576,0.1564,0.2082,0.183,0.1991,0.2091,0.2597,0.2538,0.1805,0.2489,0.2457,0.1897,0.2011,0.18,0.2305,0.1204,0.1739,0.244,0.2347,0.1634,0.1948,1.0,0.2169,0.2515,0.2195,0.2199,0.2585,0.1959,0.246,0.2128,0.1863
TATACONSUM,0.2233,0.2606,0.2395,0.3366,0.2244,0.2598,0.3116,0.2867,0.237,0.2611,0.2401,0.1135,0.1686,0.1599,0.3047,0.3711,0.2198,0.2446,0.2788,0.1948,0.4212,0.2492,0.2835,0.2524,0.3179,0.1907,0.2732,0.2473,0.2799,0.2839,0.283,0.1319,0.4137,0.2225,0.089,0.1645,0.2706,0.2536,0.2298,0.2467,0.2169,1.0,0.3032,0.2595,0.2342,0.3312,0.2441,0.328,0.2518,0.2045
TATAMOTORS,0.316,0.3545,0.2462,0.2208,0.3139,0.3573,0.3662,0.3293,0.3434,0.2384,0.3713,0.1397,0.2878,0.2048,0.3844,0.3894,0.2324,0.3021,0.2861,0.3445,0.1878,0.299,0.3522,0.2212,0.2746,0.3887,0.3859,0.3203,0.4145,0.4792,0.4135,0.1709,0.1694,0.3286,0.2362,0.2553,0.3726,0.2986,0.3825,0.3938,0.2515,0.3032,1.0,0.2273,0.2704,0.3797,0.2892,0.3888,0.2972,0.2596
TCS,0.1564,0.1927,0.1691,0.2375,0.1901,0.1558,0.2807,0.238,0.1352,0.21,0.2251,0.1256,0.1562,0.1902,0.1782,0.2453,0.6741,0.2307,0.2053,0.2181,0.1978,0.2127,0.1684,0.7345,0.1657,0.1658,0.2423,0.1804,0.301,0.2218,0.1726,0.0985,0.1868,0.0964,0.1223,0.0644,0.2561,0.236,0.1942,0.1625,0.2195,0.2595,0.2273,1.0,0.6352,0.2395,0.1547,0.2333,0.6169,0.1972
TECHM,0.179,0.2187,0.2264,0.174,0.1748,0.1569,0.2788,0.2426,0.1985,0.2448,0.2177,0.0971,0.1884,0.184,0.1918,0.2568,0.6222,0.2477,0.2214,0.2564,0.1211,0.2208,0.1867,0.6876,0.1857,0.1823,0.2868,0.2153,0.2987,0.2251,0.1598,0.1363,0.1343,0.1553,0.1767,0.1158,0.2711,0.2516,0.1988,0.1868,0.2199,0.2342,0.2704,0.6352,1.0,0.2259,0.1782,0.2358,0.6058,0.2169
TITAN,0.271,0.3384,0.2614,0.3399,0.2703,0.3029,0.4017,0.3826,0.2768,0.2776,0.3114,0.1546,0.2078,0.1779,0.3447,0.3746,0.2336,0.2847,0.276,0.2712,0.2667,0.2735,0.2865,0.2404,0.2753,0.2742,0.3373,0.2817,0.3571,0.3635,0.3552,0.1231,0.2833,0.2525,0.1221,0.1894,0.317,0.3266,0.3021,0.3274,0.2585,0.3312,0.3797,0.2395,0.2259,1.0,0.2936,0.3504,0.281,0.2881
TRENT,0.2357,0.2822,0.1777,0.2493,0.2357,0.2406,0.3018,0.2984,0.2683,0.2127,0.2263,0.1171,0.2202,0.1501,0.2946,0.3023,0.1793,0.2193,0.1922,0.2787,0.1687,0.2189,0.3055,0.1654,0.2027,0.2289,0.3023,0.1702,0.2863,0.3168,0.2347,0.1545,0.2027,0.2134,0.1498,0.1817,0.2923,0.2099,0.2809,0.2565,0.1959,0.2441,0.2892,0.1547,0.1782,0.2936,1.0,0.3081,0.1943,0.2354
ULTRACEMCO,0.3096,0.3906,0.2653,0.3707,0.3732,0.2934,0.4193,0.4084,0.3378,0.2779,0.3745,0.1787,0.198,0.2386,0.3714,0.6348,0.2245,0.3911,0.3482,0.2869,0.2644,0.4106,0.4038,0.2215,0.2632,0.3576,0.4303,0.3394,0.4531,0.4213,0.3526,0.1958,0.3005,0.3158,0.1389,0.2218,0.3572,0.3508,0.4039,0.393,0.246,0.328,0.3888,0.2333,0.2358,0.3504,0.3081,1.0,0.2816,0.241
WIPRO,0.2039,0.2579,0.2366,0.214,0.211,0.1859,0.3161,0.2727,0.2128,0.2494,0.2558,0.1335,0.2101,0.23,0.2285,0.3174,0.587,0.2866,0.2479,0.3113,0.1363,0.2538,0.2113,0.6343,0.1848,0.2402,0.3213,0.2483,0.3501,0.2609,0.1746,0.1094,0.1768,0.2077,0.2024,0.1523,0.303,0.2621,0.2596,0.2254,0.2128,0.2518,0.2972,0.6169,0.6058,0.281,0.1943,0.2816,1.0,0.2264
ZOMATO,0.273,0.3007,0.232,0.1723,0.2085,0.1801,0.2677,0.2876,0.2486,0.1813,0.2292,0.0854,0.1912,0.1609,0.2319,0.2689,0.1586,0.2795,0.2619,0.2325,0.1181,0.2282,0.2818,0.1942,0.1777,0.3287,0.2303,0.1997,0.2496,0.2865,0.2184,0.1507,0.1764,0.1608,0.103,0.1581,0.2648,0.2447,0.2521,0.2448,0.1863,0.2045,0.2596,0.1972,0.2169,0.2881,0.2354,0.241,0.2264,1.0
