Rank,Symbol,Company,Industry,Sector,Latest_Date,Current_Price,Predicted_21D_Price,Expected_Change,Expected_Return_Pct,Best_Model,Lower_Bound_90,Upper_Bound_90,RMSE,MAE,MAPE,Directional_Accuracy,Confidence_Note
1,TATAMOTORS,Tata Motors Ltd.,Automobile and Auto Components,Automobile,2026-09-11,301.1,337.6,36.5,12.12,XGBoost,299.47,375.73,23.4,18.62,5.41,76.67,90% interval based on empirical test residual std. Past performance does not guarantee future results.
2,ULTRACEMCO,UltraTech Cement Ltd.,Construction Materials,Materials,2026-09-11,11000.0,12298.18,1298.18,11.8,XGBoost,11532.53,13063.84,529.28,385.13,3.43,85.83,90% interval based on empirical test residual std. Past performance does not guarantee future results.
3,TATACONSUM,Tata Consumer Products Ltd.,Fast Moving Consumer Goods,FMCG,2026-09-11,991.0,1070.4,79.4,8.01,LSTM,945.74,1195.06,79.83,66.58,6.08,51.67,90% interval based on empirical test residual std. Past performance does not guarantee future results.
4,EICHERMOT,Eicher Motors Ltd.,Automobile and Auto Components,Automobile,2026-09-11,7530.0,8068.91,538.91,7.16,LSTM,7365.61,8772.21,447.23,381.96,5.21,70.83,90% interval based on empirical test residual std. Past performance does not guarantee future results.
5,M&M,Mahindra & Mahindra Ltd.,Automobile and Auto Components,Automobile,2026-09-11,3107.0,3310.21,203.21,6.54,LSTM,2958.6,3661.82,227.39,185.52,5.8,61.67,90% interval based on empirical test residual std. Past performance does not guarantee future results.
6,TECHM,Tech Mahindra Ltd.,Information Technology,IT,2026-09-11,1541.0,1637.4,96.4,6.26,XGBoost,1507.68,1767.12,89.01,73.14,4.97,72.5,90% interval based on empirical test residual std. Past performance does not guarantee future results.
7,BPCL,Bharat Petroleum Corporation Ltd.,Oil Gas & Consumable Fuels,Energy,2026-09-11,304.5,323.31,18.81,6.18,XGBoost,292.3,354.32,19.16,14.63,4.85,65.0,90% interval based on empirical test residual std. Past performance does not guarantee future results.
8,BAJAJFINSV,Bajaj Finserv Ltd.,Financial Services,Financial Services,2026-09-11,1913.5,2016.06,102.56,5.36,XGBoost,1797.89,2234.23,148.23,103.66,5.91,69.17,90% interval based on empirical test residual std. Past performance does not guarantee future results.
9,DRREDDY,Dr. Reddy's Laboratories Ltd.,Healthcare,Pharmaceuticals,2026-09-11,1165.5,1223.64,58.14,4.99,LSTM,1121.22,1326.06,62.29,50.53,4.06,65.83,90% interval based on empirical test residual std. Past performance does not guarantee future results.
10,ONGC,Oil & Natural Gas Corporation Ltd.,Oil Gas & Consumable Fuels,Energy,2026-09-11,232.5,241.82,9.32,4.01,XGBoost,210.93,272.7,18.78,15.95,6.07,47.5,90% interval based on empirical test residual std. Past performance does not guarantee future results.
11,NTPC,NTPC Ltd.,Power,Utilities,2026-09-11,333.4,345.66,12.26,3.68,LSTM,320.5,370.82,19.2,15.11,4.2,60.0,90% interval based on empirical test residual std. Past performance does not guarantee future results.
12,LT,Larsen & Toubro Ltd.,Construction,Engineering & Capital Goods,2026-09-11,3930.7,4073.12,142.42,3.62,LSTM,3746.11,4400.13,296.39,266.22,6.67,60.83,90% interval based on empirical test residual std. Past performance does not guarantee future results.
13,ICICIBANK,ICICI Bank Ltd.,Financial Services,Banking,2026-09-11,1379.3,1404.31,25.01,1.81,LSTM,1276.04,1532.59,78.74,62.61,4.76,65.0,90% interval based on empirical test residual std. Past performance does not guarantee future results.
14,BEL,Bharat Electronics Ltd.,Capital Goods,Defense & Engineering,2026-09-11,404.35,410.7,6.35,1.57,LSTM,380.91,440.49,19.33,15.93,3.84,61.67,90% interval based on empirical test residual std. Past performance does not guarantee future results.
15,MARUTI,Maruti Suzuki India Ltd.,Automobile and Auto Components,Automobile,2026-09-11,12400.0,12568.29,168.29,1.36,LSTM,10999.4,14137.18,966.65,758.95,5.73,50.83,90% interval based on empirical test residual std. Past performance does not guarantee future results.
16,TRENT,Trent Ltd.,Consumer Services,Retail,2026-09-11,2802.4,2832.83,30.43,1.09,ARIMA,1883.24,3782.43,577.33,444.65,13.16,60.0,90% interval based on empirical test residual std. Past performance does not guarantee future results.
17,POWERGRID,Power Grid Corporation of India Ltd.,Power,Utilities,2026-09-11,269.1,271.54,2.44,0.91,LSTM,257.67,285.41,8.89,7.67,2.63,87.5,90% interval based on empirical test residual std. Past performance does not guarantee future results.
18,JSWSTEEL,JSW Steel Ltd.,Metals & Mining,Commodities,2026-09-11,1265.0,1274.36,9.36,0.74,ARIMA,1160.75,1387.97,69.19,55.0,4.45,56.67,90% interval based on empirical test residual std. Past performance does not guarantee future results.
19,ADANIENT,Adani Enterprises Ltd.,Metals & Mining,Commodities,2026-09-11,3060.0,3073.89,13.89,0.45,XGBoost,2579.23,3568.54,310.73,269.3,10.58,63.33,90% interval based on empirical test residual std. Past performance does not guarantee future results.
20,ZOMATO,Eternal Ltd. (Zomato),Consumer Services,Internet & Tech,2026-09-11,323.5,324.79,1.29,0.4,LSTM,298.61,350.96,17.23,14.54,5.18,78.33,90% interval based on empirical test residual std. Past performance does not guarantee future results.
21,BHARTIARTL,Bharti Airtel Ltd.,Telecommunication,Telecommunication,2026-09-11,1831.1,1837.86,6.76,0.37,ARIMA,1703.83,1971.9,92.72,67.08,3.63,64.17,90% interval based on empirical test residual std. Past performance does not guarantee future results.
22,GRASIM,Grasim Industries Ltd.,Construction Materials,Materials,2026-09-11,3281.9,3289.59,7.69,0.23,ARIMA,3015.81,3563.38,197.99,161.16,5.36,41.67,90% interval based on empirical test residual std. Past performance does not guarantee future results.
23,JIOFIN,Jio Financial Services Ltd.,Financial Services,Financial Services,2026-09-11,229.9,230.22,0.32,0.14,ARIMA,204.23,256.2,15.8,12.46,5.17,50.83,90% interval based on empirical test residual std. Past performance does not guarantee future results.
24,SBILIFE,SBI Life Insurance Co. Ltd.,Financial Services,Insurance,2026-09-11,1684.7,1687.04,2.34,0.14,ARIMA,1521.74,1852.34,126.75,102.27,5.68,35.83,90% interval based on empirical test residual std. Past performance does not guarantee future results.
25,TCS,Tata Consultancy Services Ltd.,Information Technology,IT,2026-09-11,2200.8,2203.36,2.56,0.12,ARIMA,1867.71,2539.01,211.24,173.15,7.54,46.67,90% interval based on empirical test residual std. Past performance does not guarantee future results.
26,HINDUNILVR,Hindustan Unilever Ltd.,Fast Moving Consumer Goods,FMCG,2026-09-11,1927.0,1928.82,1.82,0.09,ARIMA,1702.11,2155.53,138.34,108.32,5.02,65.0,90% interval based on empirical test residual std. Past performance does not guarantee future results.
27,SUNPHARMA,Sun Pharmaceutical Industries Ltd.,Healthcare,Pharmaceuticals,2026-09-11,1840.0,1841.56,1.56,0.08,ARIMA,1681.66,2001.46,97.26,83.25,4.53,56.67,90% interval based on empirical test residual std. Past performance does not guarantee future results.
28,NESTLEIND,Nestle India Ltd.,Fast Moving Consumer Goods,FMCG,2026-09-11,1383.3,1384.42,1.12,0.08,ARIMA,1196.19,1572.64,114.94,89.55,6.42,56.67,90% interval based on empirical test residual std. Past performance does not guarantee future results.
29,SHRIRAMFIN,Shriram Finance Ltd.,Financial Services,Financial Services,2026-09-11,1028.6,1029.1,0.5,0.05,ARIMA,882.39,1175.81,93.22,74.22,7.61,58.33,90% interval based on empirical test residual std. Past performance does not guarantee future results.
30,BAJAJ-AUTO,Bajaj Auto Ltd.,Automobile and Auto Components,Automobile,2026-09-11,11678.0,11683.55,5.55,0.05,ARIMA,10347.36,13019.73,890.14,741.97,7.05,50.83,90% interval based on empirical test residual std. Past performance does not guarantee future results.
31,AXISBANK,Axis Bank Ltd.,Financial Services,Banking,2026-09-11,1246.0,1246.39,0.39,0.03,ARIMA,1091.88,1400.89,107.16,87.39,6.94,50.83,90% interval based on empirical test residual std. Past performance does not guarantee future results.
32,TITAN,Titan Company Ltd.,Consumer Durables,Consumer Goods,2026-09-11,5009.5,5010.76,1.26,0.03,ARIMA,4507.14,5514.37,326.14,300.45,6.69,55.83,90% interval based on empirical test residual std. Past performance does not guarantee future results.
33,SBIN,State Bank of India,Financial Services,Banking,2026-09-11,995.7,995.96,0.26,0.03,ARIMA,859.97,1131.94,96.23,70.54,7.0,54.17,90% interval based on empirical test residual std. Past performance does not guarantee future results.
34,HDFCLIFE,HDFC Life Insurance Co. Ltd.,Financial Services,Insurance,2026-09-11,530.0,530.07,0.07,0.01,ARIMA,462.71,597.43,47.16,30.58,5.25,65.0,90% interval based on empirical test residual std. Past performance does not guarantee future results.
35,INFY,Infosys Ltd.,Information Technology,IT,2026-09-11,1037.7,1037.7,0.0,0.0,ARIMA,880.41,1194.95,102.3,84.1,7.42,49.17,90% interval based on empirical test residual std. Past performance does not guarantee future results.
36,APOLLOHOSP,Apollo Hospitals Enterprise Ltd.,Healthcare,Healthcare,2026-09-11,8836.0,8834.74,-1.26,-0.01,ARIMA,8300.3,9369.18,430.92,368.9,4.43,35.83,90% interval based on empirical test residual std. Past performance does not guarantee future results.
37,ASIANPAINT,Asian Paints Ltd.,Consumer Durables,Consumer Goods,2026-09-11,2472.5,2471.8,-0.7,-0.03,XGBoost,2284.21,2659.39,135.29,113.2,4.39,60.83,90% interval based on empirical test residual std. Past performance does not guarantee future results.
38,MAXHEALTH,Max Healthcare Institute Ltd.,Healthcare,Healthcare,2026-09-11,1037.7,1037.24,-0.46,-0.04,ARIMA,899.19,1175.29,83.92,68.54,6.65,52.5,90% interval based on empirical test residual std. Past performance does not guarantee future results.
39,ADANIPORTS,Adani Ports & SEZ Ltd.,Services,Infrastructure,2026-09-11,1764.6,1763.22,-1.38,-0.08,ARIMA,1500.84,2025.61,160.18,127.6,7.73,53.33,90% interval based on empirical test residual std. Past performance does not guarantee future results.
40,HDFCBANK,HDFC Bank Ltd.,Financial Services,Banking,2026-09-11,708.25,706.74,-1.51,-0.21,ARIMA,611.0,802.47,68.08,54.15,7.13,38.33,90% interval based on empirical test residual std. Past performance does not guarantee future results.
41,HCLTECH,HCL Technologies Ltd.,Information Technology,IT,2026-09-11,1206.1,1202.81,-3.29,-0.27,ARIMA,967.22,1438.39,149.05,118.9,9.64,44.17,90% interval based on empirical test residual std. Past performance does not guarantee future results.
42,KOTAKBANK,Kotak Mahindra Bank Ltd.,Financial Services,Banking,2026-09-11,419.0,417.6,-1.4,-0.33,LSTM,384.7,450.5,20.12,17.01,4.39,57.5,90% interval based on empirical test residual std. Past performance does not guarantee future results.
43,ITC,ITC Ltd.,Fast Moving Consumer Goods,FMCG,2026-09-11,259.85,258.74,-1.11,-0.43,ARIMA,231.7,285.78,19.55,14.27,5.0,40.0,90% interval based on empirical test residual std. Past performance does not guarantee future results.
44,HINDALCO,Hindalco Industries Ltd.,Metals & Mining,Commodities,2026-09-11,981.5,976.47,-5.03,-0.51,LSTM,869.45,1083.48,82.92,66.77,6.41,62.5,90% interval based on empirical test residual std. Past performance does not guarantee future results.
45,CIPLA,Cipla Ltd.,Healthcare,Pharmaceuticals,2026-09-11,1366.0,1358.51,-7.49,-0.55,LSTM,1213.09,1503.94,88.51,67.92,5.06,58.33,90% interval based on empirical test residual std. Past performance does not guarantee future results.
46,WIPRO,Wipro Ltd.,Information Technology,IT,2026-09-11,167.4,165.83,-1.57,-0.94,ARIMA,142.94,188.71,14.32,11.29,6.13,50.83,90% interval based on empirical test residual std. Past performance does not guarantee future results.
47,RELIANCE,Reliance Industries Ltd.,Oil Gas & Consumable Fuels,Energy & Conglomerate,2026-09-11,1257.5,1243.21,-14.29,-1.14,LSTM,1150.39,1336.04,58.63,50.49,3.78,52.5,90% interval based on empirical test residual std. Past performance does not guarantee future results.
48,BAJFINANCE,Bajaj Finance Ltd.,Financial Services,Financial Services,2026-09-11,1034.5,1007.98,-26.52,-2.56,LSTM,877.81,1138.14,80.49,64.83,6.87,67.5,90% interval based on empirical test residual std. Past performance does not guarantee future results.
49,INDIGO,InterGlobe Aviation Ltd.,Services,Aviation,2026-09-11,4973.0,4752.97,-220.03,-4.42,LSTM,4121.33,5384.61,384.18,300.43,6.33,69.17,90% interval based on empirical test residual std. Past performance does not guarantee future results.
50,COALINDIA,Coal India Ltd.,Oil Gas & Consumable Fuels,Energy,2026-09-11,426.4,394.1,-32.3,-7.58,LSTM,366.77,421.43,17.16,14.15,3.25,80.0,90% interval based on empirical test residual std. Past performance does not guarantee future results.
