date,open,high,low,close,volume,adj_close
2021-09-01,14611.65,14640.6,14527.05,14551.35,22044800.0,14551.35
2021-09-02,14571.3,14692.0,14548.5,14684.35,22044800.0,14684.35
2021-09-03,14724.7,14770.85,14682.2,14759.3,24543700.0,14759.3
2021-09-06,14827.05,14843.4,14783.45,14805.85,16059600.0,14805.85
2021-09-07,14834.95,14852.25,14713.55,14784.25,23696100.0,14784.25
2021-09-08,14802.85,14825.1,14716.65,14803.6,26775300.0,14803.6
2021-09-09,14780.6,14844.4,14774.15,14836.45,18261800.0,14836.45
2021-09-13,14839.8,14865.75,14769.1,14852.2,16737100.0,14852.2
2021-09-14,14917.05,14935.55,14881.55,14904.35,29200400.0,14904.35
2021-09-15,14927.95,15028.65,14921.1,15020.55,31359100.0,15020.55
2021-09-16,15050.85,15115.35,15012.25,15104.9,53456100.0,15104.9
2021-09-17,15169.9,15207.7,14979.35,15027.25,42884200.0,15027.25
2021-09-20,14907.5,15047.65,14800.85,14826.75,24323400.0,14826.75
2021-09-21,14856.85,14959.45,14734.7,14946.3,22286700.0,14946.3
2021-09-22,14977.3,15030.85,14950.35,14990.55,20244400.0,14990.55
2021-09-23,15097.1,15219.35,15085.55,15205.45,20467000.0,15205.45
2021-09-24,15274.1,15305.2,15160.45,15191.95,26783800.0,15191.95
2021-09-27,15261.35,15262.65,15139.6,15189.05,18550100.0,15189.05
2021-09-28,15235.1,15239.65,14967.05,15095.6,22453400.0,15095.6
2021-09-29,15023.3,15141.05,14985.4,15086.95,30743000.0,15086.95
2021-09-30,15109.7,15137.55,15026.95,15052.65,32462500.0,15052.65
2021-10-01,14994.8,15031.55,14932.75,15013.95,25478800.0,15013.95
2021-10-04,15094.4,15195.2,15075.25,15181.15,20508200.0,15181.15
2021-10-05,15171.25,15287.7,15150.5,15280.1,25286700.0,15280.1
2021-10-06,15328.95,15349.2,15109.1,15134.55,25794100.0,15134.55
2021-10-07,15274.65,15335.95,15251.0,15290.15,21341200.0,15290.15
2021-10-08,15375.3,15402.7,15317.4,15365.2,18598500.0,15365.2
2021-10-11,15374.5,15497.8,15356.55,15428.0,21710600.0,15428.0
2021-10-12,15426.6,15493.25,15371.8,15481.9,27763700.0,15481.9
2021-10-13,15573.6,15660.2,15546.85,15631.4,30276800.0,15631.4
2021-10-14,15733.3,15781.0,15710.1,15769.25,25796300.0,15769.25
2021-10-18,15924.1,15949.2,15871.4,15886.15,37294700.0,15886.15
2021-10-19,16003.95,16004.45,15716.7,15757.85,29624900.0,15757.85
2021-10-20,15768.0,15776.35,15497.0,15568.65,26118900.0,15568.65
2021-10-21,15666.6,15667.0,15373.45,15487.65,25219900.0,15487.65
2021-10-22,15537.05,15600.45,15328.9,15399.7,26580900.0,15399.7
2021-10-25,15492.0,15498.4,15181.6,15334.35,24239700.0,15334.35
2021-10-26,15360.35,15528.9,15356.5,15499.65,23773200.0,15499.65
2021-10-27,15541.75,15583.2,15454.1,15484.35,19087300.0,15484.35
2021-10-28,15475.4,15475.45,15148.2,15190.85,23872900.0,15190.85
2021-10-29,15163.5,15266.4,14961.5,15086.9,23416500.0,15086.9
2021-11-01,15179.4,15318.15,15111.3,15302.7,18625900.0,15302.7
2021-11-02,15344.35,15373.7,15278.7,15314.65,17088900.0,15314.65
2021-11-03,15367.7,15397.3,15212.15,15282.75,16168200.0,15282.75
2021-11-04,15380.95,15396.85,15363.35,15376.9,3711800.0,15376.9
2021-11-08,15474.25,15535.05,15313.2,15520.15,17639800.0,15520.15
2021-11-09,15542.05,15579.5,15487.7,15541.95,20442100.0,15541.95
2021-11-10,15492.05,15562.45,15458.5,15521.1,18928100.0,15521.1
2021-11-11,15497.25,15499.9,15351.2,15411.1,15128100.0,15411.1
2021-11-12,15504.35,15591.45,15429.6,15579.0,15403600.0,15579.0
2021-11-15,15625.75,15664.45,15558.05,15592.6,13277500.0,15592.6
2021-11-16,15613.1,15626.65,15492.6,15525.4,15066000.0,15525.4
2021-11-17,15487.15,15560.75,15436.95,15454.95,13699600.0,15454.95
2021-11-18,15461.5,15502.6,15239.8,15302.55,17285100.0,15302.55
2021-11-22,15333.9,15339.65,14846.7,14976.7,21107300.0,14976.7
2021-11-23,14876.0,15137.15,14820.4,15107.8,21444000.0,15107.8
2021-11-24,15159.95,15199.2,14997.3,15046.5,18733500.0,15046.5
2021-11-25,15057.6,15166.65,14984.7,15150.6,18600600.0,15150.6
2021-11-26,14990.85,15012.1,14674.75,14707.2,22366800.0,14707.2
2021-11-29,14683.05,14749.5,14402.1,14656.45,22389800.0,14656.45
2021-11-30,14662.05,14912.75,14608.6,14648.35,27044600.0,14648.35
2021-12-01,14743.7,14822.5,14694.3,14784.7,23191800.0,14784.7
2021-12-02,14808.8,14990.3,14786.65,14973.95,21443100.0,14973.95
2021-12-03,15002.65,15054.95,14845.25,14856.3,24686700.0,14856.3
2021-12-06,14876.25,14882.15,14599.35,14618.35,29125700.0,14618.35
2021-12-07,14733.25,14881.75,14683.25,14834.5,20653700.0,14834.5
2021-12-08,14945.3,15084.5,14941.3,15073.25,17358100.0,15073.25
2021-12-09,15126.55,15141.0,15023.2,15126.6,31331000.0,15126.6
2021-12-10,15103.65,15168.8,15069.8,15155.0,24527100.0,15155.0
2021-12-13,15258.1,15280.0,15052.9,15064.25,20542300.0,15064.25
2021-12-14,15005.5,15072.0,14947.95,15043.25,18233700.0,15043.25
2021-12-15,15050.1,15075.7,14936.6,14953.1,15148200.0,14953.1
2021-12-16,15072.95,15078.85,14891.6,14936.45,16631600.0,14936.45
2021-12-17,14952.75,14966.1,14658.5,14673.15,19187800.0,14673.15
2021-12-20,14523.5,14533.8,14128.15,14300.7,21177200.0,14300.7
2021-12-21,14423.7,14584.95,14386.45,14461.4,16597200.0,14461.4
2021-12-22,14542.7,14652.35,14522.55,14639.75,14099700.0,14639.75
2021-12-23,14738.3,14779.3,14708.7,14751.45,12816000.0,14751.45
2021-12-24,14813.9,14819.2,14605.05,14664.8,13972600.0,14664.8
2021-12-27,14617.15,14745.55,14515.25,14727.6,13582600.0,14727.6
2021-12-28,14809.5,14880.85,14805.3,14867.85,12287100.0,14867.85
2021-12-29,14866.2,14922.35,14835.35,14863.4,16171400.0,14863.4
2021-12-30,14856.1,14894.65,14815.0,14842.05,18167500.0,14842.05
2021-12-31,14879.25,15022.35,14877.85,14996.2,18385200.0,14996.2
2022-01-03,15030.5,15220.05,15028.55,15204.6,17499900.0,15204.6
2022-01-04,15260.9,15333.6,15168.15,15318.75,20299700.0,15318.75
2022-01-05,15329.75,15410.6,15264.85,15396.4,19135100.0,15396.4
2022-01-06,15275.75,15315.5,15197.1,15290.1,18769800.0,15290.1
2022-01-07,15333.45,15418.4,15255.45,15348.55,19623500.0,15348.55
2022-01-10,15427.65,15504.0,15400.55,15495.55,18574200.0,15495.55
2022-01-11,15497.5,15559.1,15462.05,15530.55,39161700.0,15530.55
2022-01-12,15627.05,15678.7,15595.65,15667.9,24868800.0,15667.9
2022-01-13,15710.3,15730.95,15629.45,15721.05,19011400.0,15721.05
2022-01-14,15667.95,15754.45,15619.55,15730.4,16010500.0,15730.4
2022-01-17,15731.35,15794.95,15718.25,15781.25,16968900.0,15781.25
2022-01-18,15819.45,15834.2,15546.65,15573.1,18803800.0,15573.1
2022-01-19,15580.4,15580.4,15403.2,15472.5,18236200.0,15472.5
2022-01-20,15464.45,15486.15,15280.55,15361.1,14523600.0,15361.1
2022-01-21,15252.9,15294.7,15069.05,15180.8,16241600.0,15180.8
2022-01-24,15155.0,15165.4,14577.15,14712.05,20927900.0,14712.05
2022-01-25,14577.55,14853.0,14410.9,14832.2,20596200.0,14832.2
2022-01-27,14671.7,14735.75,14489.8,14679.7,22473700.0,14679.7
2022-01-28,14773.05,14952.15,14701.6,14723.25,21083500.0,14723.25
2022-01-31,14894.75,14975.8,14857.55,14921.45,17018300.0,14921.45
2022-02-01,15073.15,15138.2,14850.3,15116.2,22909000.0,15116.2
2022-02-02,15218.25,15304.6,15201.45,15293.35,19792700.0,15293.35
2022-02-03,15289.15,15296.35,15101.0,15135.9,17185400.0,15135.9
2022-02-04,15159.6,15188.4,15048.35,15085.45,17002800.0,15085.45
2022-02-07,15065.05,15126.65,14796.2,14870.6,17777600.0,14870.6
2022-02-08,14926.5,14955.25,14689.15,14857.05,17937100.0,14857.05
2022-02-09,14942.75,15026.5,14925.05,15016.35,14131700.0,15016.35
2022-02-10,15084.35,15134.1,14972.35,15112.2,16758500.0,15112.2
2022-02-11,14988.95,14990.6,14862.05,14891.3,13991100.0,14891.3
2022-02-14,14606.55,14638.65,14370.7,14400.4,17338500.0,14400.4
2022-02-15,14469.0,14822.75,14348.4,14805.55,18131200.0,14805.55
2022-02-16,14876.65,14935.6,14756.5,14789.9,14687200.0,14789.9
2022-02-17,14857.1,14895.65,14725.05,14772.05,11736900.0,14772.05
2022-02-18,14711.3,14815.0,14692.65,14710.7,11076300.0,14710.7
2022-02-21,14638.35,14733.1,14498.2,14597.1,16852100.0,14597.1
2022-02-22,14269.45,14527.2,14267.6,14489.05,17897800.0,14489.05
2022-02-23,14581.05,14629.05,14482.3,14506.95,13590500.0,14506.95
2022-02-24,14055.85,14180.85,13747.45,13775.7,28966600.0,13775.7
2022-02-25,14018.1,14247.05,14007.7,14187.4,20825600.0,14187.4
2022-02-28,14047.75,14320.95,13928.8,14307.95,20396100.0,14307.95
2022-03-02,14161.7,14265.5,14104.75,14199.8,19608300.0,14199.8
2022-03-03,14327.7,14364.6,14094.3,14135.95,19812900.0,14135.95
2022-03-04,14020.2,14075.0,13828.45,13893.15,21633600.0,13893.15
2022-03-07,13594.75,13637.5,13438.3,13564.25,21321300.0,13564.25
2022-03-08,13504.75,13720.1,13423.55,13706.75,19866800.0,13706.75
2022-03-09,13786.4,14037.65,13721.95,13979.6,18635900.0,13979.6
2022-03-10,14313.2,14316.8,14079.85,14189.0,19468100.0,14189.0
2022-03-11,14145.5,14268.3,14098.7,14237.15,15297400.0,14237.15
2022-03-14,14248.9,14389.35,14189.1,14374.6,14504100.0,14374.6
2022-03-15,14408.75,14433.75,14130.9,14215.85,17662800.0,14215.85
2022-03-16,14392.55,14491.45,14369.5,14481.8,12845200.0,14481.8
2022-03-17,14667.2,14756.55,14644.75,14721.7,26001700.0,14721.7
2022-03-21,14773.05,14789.85,14590.7,14602.35,14982200.0,14602.35
2022-03-22,14613.1,14738.15,14492.25,14724.05,15208600.0,14724.05
2022-03-23,14806.6,14833.3,14660.45,14695.15,16799700.0,14695.15
2022-03-24,14598.75,14744.7,14595.7,14699.35,16090800.0,14699.35
2022-03-25,14763.9,14768.3,14590.45,14651.7,13966800.0,14651.7
2022-03-28,14686.25,14694.85,14515.65,14675.85,15473700.0,14675.85
2022-03-29,14744.05,14773.15,14689.6,14761.9,17226200.0,14761.9
2022-03-30,14880.7,14924.75,14823.55,14896.9,21485900.0,14896.9
2022-03-31,14925.55,14963.4,14871.0,14894.5,18152500.0,14894.5
2022-04-01,14890.1,15111.35,14882.6,15087.3,18543400.0,15087.3
2022-04-04,15192.8,15393.35,15184.7,15384.2,19565500.0,15384.2
2022-04-05,15433.05,15477.8,15360.2,15390.5,18703800.0,15390.5
2022-04-06,15318.15,15387.4,15293.85,15327.9,28404700.0,15327.9
2022-04-07,15292.35,15361.2,15185.7,15201.25,33025600.0,15201.25
2022-04-08,15271.35,15386.1,15202.5,15342.4,23851300.0,15342.4
2022-04-11,15337.5,15386.85,15294.3,15325.5,17506800.0,15325.5
2022-04-12,15281.85,15283.35,15078.45,15164.7,17714300.0,15164.7
2022-04-13,15239.65,15284.7,15126.65,15138.55,13886300.0,15138.55
2022-04-18,14942.6,14971.5,14821.25,14926.05,16671700.0,14926.05
2022-04-19,15012.75,15041.65,14617.05,14726.65,18536600.0,14726.65
2022-04-20,14807.15,14905.25,14747.95,14850.3,14619100.0,14850.3
2022-04-21,14946.3,15067.45,14929.15,15053.95,14359400.0,15053.95
2022-04-22,14948.1,15015.35,14875.8,14894.85,14869400.0,14894.85
2022-04-25,14758.6,14769.1,14623.1,14673.0,15260000.0,14673.0
2022-04-26,14818.8,14915.35,14785.85,14898.35,13574900.0,14898.35
2022-04-27,14797.35,14825.55,14678.95,14756.0,15429600.0,14756.0
2022-04-28,14886.5,14964.6,14765.85,14913.9,16131500.0,14913.9
2022-04-29,14991.45,15011.7,14743.35,14783.35,16095600.0,14783.35
2022-05-02,14647.25,14751.05,14617.75,14736.3,14132500.0,14736.3
2022-05-04,14771.45,14798.3,14343.6,14393.35,16213000.0,14393.35
2022-05-05,14542.15,14606.05,14365.55,14395.5,13458000.0,14395.5
2022-05-06,14159.1,14205.0,14073.45,14145.75,15272500.0,14145.75
2022-05-09,14002.75,14088.3,13879.55,13991.75,14199300.0,13991.75
2022-05-10,13953.95,14068.4,13823.35,13855.95,13461200.0,13855.95
2022-05-11,13888.15,13949.1,13589.35,13771.8,17869000.0,13771.8
2022-05-12,13656.95,13671.0,13389.75,13465.25,18293200.0,13465.25
2022-05-13,13621.2,13738.55,13435.05,13471.5,17319000.0,13471.5
2022-05-16,13540.25,13646.3,13434.45,13571.2,15045600.0,13571.2
2022-05-17,13648.45,13944.7,13632.15,13926.05,15444600.0,13926.05
2022-05-18,13989.35,14064.0,13896.6,13918.2,15887800.0,13918.2
2022-05-19,13625.75,13680.65,13520.95,13550.9,15232100.0,13550.9
2022-05-20,13755.05,13906.4,13733.55,13895.05,13959800.0,13895.05
2022-05-23,13929.75,14005.5,13813.6,13835.8,15691000.0,13835.8
2022-05-24,13858.05,13883.55,13709.4,13747.25,15712100.0,13747.25
2022-05-25,13805.1,13821.4,13574.5,13587.75,13674500.0,13587.75
2022-05-26,13651.55,13756.85,13445.25,13722.55,16812400.0,13722.55
2022-05-27,13839.3,13885.05,13768.3,13873.15,12515500.0,13873.15
2022-05-30,14022.6,14163.05,14009.65,14154.8,13958800.0,14154.8
2022-05-31,14106.0,14215.45,14067.05,14119.6,25869900.0,14119.6
2022-06-01,14132.1,14186.9,14009.05,14082.9,13703100.0,14082.9
2022-06-02,14059.25,14179.3,14029.8,14167.95,12776700.0,14167.95
2022-06-03,14280.35,14300.0,14064.9,14077.9,12054000.0,14077.9
2022-06-06,14042.4,14081.2,13932.15,14054.1,11181400.0,14054.1
2022-06-07,13978.65,13990.2,13883.75,13935.6,11151200.0,13935.6
2022-06-08,13981.65,14020.45,13832.45,13886.9,12313500.0,13886.9
2022-06-09,13816.7,13989.0,13790.0,13977.1,11137600.0,13977.1
2022-06-10,13825.0,13860.05,13757.95,13781.75,10328000.0,13781.75
2022-06-13,13521.2,13527.75,13356.2,13416.9,13059200.0,13416.9
2022-06-14,13341.95,13506.5,13324.15,13388.3,12380200.0,13388.3
2022-06-15,13412.2,13448.45,13366.75,13380.85,9733400.0,13380.85
2022-06-16,13508.7,13527.8,13064.05,13089.2,13847500.0,13089.2
2022-06-17,13011.4,13111.95,12903.85,12994.75,16444300.0,12994.75
2022-06-20,13026.15,13049.4,12855.55,12950.75,15527100.0,12950.75
2022-06-21,13042.8,13275.5,13019.35,13241.9,14516100.0,13241.9
2022-06-22,13176.1,13184.9,13028.35,13047.75,12845000.0,13047.75
2022-06-23,13081.9,13231.9,13021.25,13178.8,12346900.0,13178.8
2022-06-24,13269.2,13337.7,13247.95,13322.5,11934800.0,13322.5
2022-06-27,13506.35,13510.8,13432.65,13444.55,12031200.0,13444.55
2022-06-28,13389.85,13487.5,13330.75,13464.25,12423600.0,13464.25
2022-06-29,13337.65,13462.05,13328.2,13417.85,14134000.0,13417.85
2022-06-30,13410.8,13492.15,13352.4,13387.55,12962500.0,13387.55
2022-07-01,13335.25,13422.45,13192.9,13394.45,12922700.0,13394.45
2022-07-04,13378.4,13483.7,13337.2,13472.65,10897700.0,13472.65
2022-07-05,13533.75,13628.45,13439.4,13461.85,11431600.0,13461.85
2022-07-06,13472.8,13647.2,13443.35,13631.3,11623700.0,13631.3
2022-07-07,13736.95,13777.75,13687.55,13765.6,12224500.0,13765.6
2022-07-08,13873.75,13874.7,13770.9,13828.25,10898100.0,13828.25
2022-07-11,13771.4,13905.95,13755.75,13886.85,12512900.0,13886.85
2022-07-12,13823.6,13866.65,13757.3,13779.0,12288000.0,13779.0
2022-07-13,13842.8,13861.3,13714.2,13726.95,11008700.0,13726.95
2022-07-14,13771.2,13797.6,13617.15,13702.65,10796000.0,13702.65
2022-07-15,13761.1,13804.05,13695.2,13790.2,10832100.0,13790.2
2022-07-18,13883.8,13993.4,13877.6,13984.4,11714500.0,13984.4
2022-07-19,13922.55,14067.75,13922.35,14051.65,12817300.0,14051.65
2022-07-20,14220.2,14230.9,14140.0,14164.4,13558800.0,14164.4
2022-07-21,14172.8,14288.6,14141.65,14271.8,13814800.0,14271.8
2022-07-22,14325.05,14359.75,14265.25,14336.6,12466000.0,14336.6
2022-07-25,14307.9,14335.1,14228.15,14279.5,13890600.0,14279.5
2022-07-26,14284.7,14286.5,14122.55,14141.45,14923400.0,14141.45
2022-07-27,14131.8,14272.2,14099.9,14262.55,15076700.0,14262.55
2022-07-28,14365.05,14481.45,14330.3,14469.1,17419500.0,14469.1
2022-07-29,14588.15,14677.75,14553.65,14665.65,19163900.0,14665.65
2022-08-01,14741.4,14858.3,14666.2,14846.85,21202300.0,14846.85
2022-08-02,14831.9,14906.0,14765.3,14876.6,32645700.0,14876.6
2022-08-03,14880.65,14906.7,14750.75,14878.05,24019400.0,14878.05
2022-08-04,14944.95,14974.7,14688.0,14892.45,23193600.0,14892.45
2022-08-05,14933.2,14972.1,14874.25,14900.4,21526200.0,14900.4
2022-08-08,14910.6,15009.9,14867.2,14993.35,14420200.0,14993.35
2022-08-10,15033.3,15033.3,14919.2,14985.8,16945800.0,14985.8
2022-08-11,15123.65,15130.05,15069.9,15095.15,14965900.0,15095.15
2022-08-12,15102.8,15162.3,15060.75,15140.55,17364300.0,15140.55
2022-08-16,15222.9,15287.45,15203.5,15280.5,0.0,15280.5
2022-08-17,15325.35,15398.45,15306.55,15379.05,18814700.0,15379.05
2022-08-18,15355.6,15415.25,15325.2,15404.6,17490400.0,15404.6
2022-08-19,15426.2,15445.5,15205.55,15236.65,19251200.0,15236.65
2022-08-22,15183.1,15186.15,14980.4,15001.75,16482400.0,15001.75
2022-08-23,14887.0,15128.25,14879.9,15090.5,18442000.0,15090.5
2022-08-24,15062.45,15152.45,15037.15,15140.4,17547700.0,15140.4
2022-08-25,15208.85,15252.8,15075.1,15100.65,21575500.0,15100.65
2022-08-26,15187.1,15242.65,15116.2,15147.55,17144700.0,15147.55
2022-08-29,14797.8,15016.25,14793.95,14972.75,15438100.0,14972.75
2022-08-30,15071.45,15338.8,15065.35,15325.05,18493600.0,15325.05
2022-09-01,15142.7,15309.85,15141.45,15211.2,18877200.0,15211.2
2022-09-02,15272.45,15305.0,15184.3,15201.6,17211000.0,15201.6
2022-09-05,15221.75,15311.95,15217.35,15294.4,20630200.0,15294.4
2022-09-06,15339.3,15386.75,15248.0,15313.05,23402700.0,15313.05
2022-09-07,15222.25,15334.0,15199.4,15319.4,23294700.0,15319.4
2022-09-08,15430.2,15448.75,15365.7,15440.7,19620900.0,15440.7
2022-09-09,15547.55,15548.85,15426.4,15467.4,18832800.0,15467.4
2022-09-12,15524.7,15600.15,15522.4,15577.4,14038300.0,15577.4
2022-09-13,15667.35,15686.85,15635.15,15669.85,17992800.0,15669.85
2022-09-14,15423.9,15688.1,15423.9,15630.7,20237900.0,15630.7
2022-09-15,15686.0,15724.45,15543.9,15580.35,18056700.0,15580.35
2022-09-16,15529.35,15542.0,15197.9,15243.95,25828900.0,15243.95
2022-09-19,15264.25,15348.8,15135.15,15293.55,15928100.0,15293.55
2022-09-20,15423.5,15557.3,15410.25,15470.35,15145400.0,15470.35
2022-09-21,15449.25,15516.5,15320.05,15361.25,16338000.0,15361.25
2022-09-22,15284.6,15386.75,15224.95,15335.3,18682200.0,15335.3
2022-09-23,15324.3,15360.2,15032.75,15057.65,17232300.0,15057.65
2022-09-26,14916.9,14932.5,14671.05,14725.7,19942400.0,14725.7
2022-09-27,14805.85,14874.45,14652.3,14727.3,16767400.0,14727.3
2022-09-28,14617.4,14768.25,14577.05,14620.6,15591200.0,14620.6
2022-09-29,14748.2,14783.75,14569.1,14602.5,18135900.0,14602.5
2022-09-30,14586.9,14881.3,14516.3,14829.35,18679700.0,14829.35
2022-10-03,14837.1,14858.65,14585.8,14638.5,16507500.0,14638.5
2022-10-04,14869.55,14975.6,14852.55,14965.8,15374400.0,14965.8
2022-10-06,15063.55,15119.9,15042.2,15053.05,16492500.0,15053.05
2022-10-07,15030.2,15055.65,14943.15,15036.7,15358600.0,15036.7
2022-10-10,14857.0,14989.05,14818.5,14951.65,14204600.0,14951.65
2022-10-11,14980.45,14982.75,14692.55,14721.9,14988000.0,14721.9
2022-10-12,14761.45,14844.85,14676.55,14829.95,14189900.0,14829.95
2022-10-13,14811.2,14832.35,14683.55,14730.3,13160400.0,14730.3
2022-10-14,14979.15,14989.15,14803.7,14815.1,12700800.0,14815.1
2022-10-17,14783.2,14920.7,14718.8,14906.15,14007300.0,14906.15
2022-10-18,15009.1,15071.95,15007.25,15056.55,17377200.0,15056.55
2022-10-19,15120.4,15153.05,15039.8,15068.6,18958400.0,15068.6
2022-10-20,14998.45,15128.4,14979.6,15112.1,19466800.0,15112.1
2022-10-21,15159.6,15181.9,15036.1,15081.1,16520100.0,15081.1
2022-10-24,15225.45,15248.05,15179.15,15198.75,3966500.0,15198.75
2022-10-25,15251.75,15253.75,15143.45,15158.1,17178200.0,15158.1
2022-10-27,15246.55,15273.3,15172.15,15244.25,17901900.0,15244.25
2022-10-28,15265.45,15290.15,15191.6,15241.6,14885300.0,15241.6
2022-10-31,15333.15,15433.05,15327.4,15424.0,14360800.0,15424.0
2022-11-01,15507.95,15545.85,15460.7,15537.4,17563700.0,15537.4
2022-11-02,15560.45,15561.1,15470.4,15497.55,13563700.0,15497.55
2022-11-03,15407.8,15519.15,15401.3,15484.7,15335800.0,15484.7
2022-11-04,15495.75,15542.15,15454.3,15530.85,17997500.0,15530.85
2022-11-07,15610.95,15647.25,15505.75,15615.15,20987100.0,15615.15
2022-11-09,15684.45,15686.35,15534.85,15567.25,22865100.0,15567.25
2022-11-10,15490.25,15523.9,15384.35,15440.0,16961400.0,15440.0
2022-11-11,15633.5,15662.05,15612.45,15649.1,23015400.0,15649.1
2022-11-14,15672.5,15684.25,15627.75,15650.2,19758100.0,15650.2
2022-11-15,15678.5,15708.9,15609.5,15693.9,14906000.0,15693.9
2022-11-16,15696.55,15711.3,15607.25,15663.3,18956700.0,15663.3
2022-11-17,15630.55,15661.1,15573.95,15597.25,17510700.0,15597.25
2022-11-18,15634.3,15644.8,15472.35,15550.85,17409900.0,15550.85
2022-11-21,15514.6,15523.15,15431.2,15453.8,18970500.0,15453.8
2022-11-22,15472.65,15518.1,15437.3,15509.2,18894300.0,15509.2
2022-11-23,15572.75,15572.9,15520.25,15538.15,19665600.0,15538.15
2022-11-24,15588.45,15706.5,15567.75,15680.8,19380200.0,15680.8
2022-11-25,15719.8,15743.1,15668.35,15727.25,25809200.0,15727.25
2022-11-28,15683.75,15817.35,15642.8,15784.45,24072600.0,15784.45
2022-11-29,15784.55,15859.35,15782.4,15812.45,20853400.0,15812.45
2022-11-30,15827.45,15991.6,15820.55,15946.15,31486200.0,15946.15
2022-12-01,16041.15,16041.65,15972.75,16003.95,20872600.0,16003.95
2022-12-02,15977.5,15991.05,15909.6,15963.5,22312000.0,15963.5
2022-12-05,15994.95,15999.8,15881.8,15967.2,23665500.0,15967.2
2022-12-06,15904.1,15936.7,15881.6,15922.85,23116300.0,15922.85
2022-12-07,15932.25,15953.25,15836.05,15862.0,20084400.0,15862.0
2022-12-08,15881.8,15918.75,15860.3,15911.1,19672900.0,15911.1
2022-12-09,15964.85,15967.3,15727.35,15812.75,36793400.0,15812.75
2022-12-12,15759.65,15836.85,15687.95,15828.0,27913900.0,15828.0
2022-12-13,15863.25,15913.8,15830.65,15904.5,34973000.0,15904.5
2022-12-14,15958.15,15988.55,15946.3,15963.8,44159300.0,15963.8
2022-12-15,15938.05,15968.2,15758.85,15783.8,33354300.0,15783.8
2022-12-16,15710.9,15799.35,15625.25,15636.35,28777500.0,15636.35
2022-12-19,15658.85,15764.0,15606.15,15755.2,25370500.0,15755.2
2022-12-20,15704.05,15740.25,15580.8,15726.2,23261300.0,15726.2
2022-12-21,15772.95,15812.05,15497.6,15527.55,30620200.0,15527.55
2022-12-22,15599.55,15636.1,15369.6,15431.5,27560300.0,15431.5
2022-12-23,15300.75,15349.35,15018.75,15046.0,28171000.0,15046.0
2022-12-26,15060.85,15350.35,14985.4,15298.55,25513000.0,15298.55
2022-12-27,15375.2,15433.65,15278.6,15418.35,25513000.0,15418.35
2022-12-28,15390.55,15468.15,15363.65,15432.8,23697500.0,15432.8
2022-12-29,15370.0,15517.45,15307.0,15485.2,21215900.0,15485.2
2022-12-30,15557.75,15581.95,15425.65,15448.85,21417000.0,15448.85
2023-01-02,15479.95,15536.35,15433.3,15523.65,2100336300.0,15523.65
2023-01-03,15515.75,15575.7,15500.75,15557.8,20771100.0,15557.8
2023-01-04,15563.15,15574.5,15375.8,15393.0,21390500.0,15393.0
2023-01-05,15446.5,15462.15,15286.4,15386.2,17566700.0,15386.2
2023-01-06,15401.35,15419.4,15219.85,15272.0,17314600.0,15272.0
2023-01-09,15360.4,15472.15,15353.35,15450.1,16224900.0,15450.1
2023-01-10,15470.0,15472.45,15262.1,15325.25,16031600.0,15325.25
2023-01-11,15342.75,15375.1,15257.0,15301.35,16188500.0,15301.35
2023-01-12,15329.7,15347.2,15203.55,15279.6,15254100.0,15279.6
2023-01-13,15295.9,15370.05,15215.0,15346.1,16543300.0,15346.1
2023-01-16,15398.15,15421.25,15276.5,15305.45,18627400.0,15305.45
2023-01-17,15328.85,15411.0,15291.6,15396.15,16620100.0,15396.15
2023-01-18,15416.6,15479.65,15376.5,15466.35,14567100.0,15466.35
2023-01-19,15427.15,15455.15,15387.25,15419.7,13979400.0,15419.7
2023-01-20,15428.2,15443.45,15336.7,15347.9,14565800.0,15347.9
2023-01-23,15411.5,15427.5,15364.25,15403.2,17463500.0,15403.2
2023-01-24,15451.2,15459.3,15364.2,15388.55,13851600.0,15388.55
2023-01-25,15364.4,15368.7,15146.4,15171.95,17964600.0,15171.95
2023-01-27,15160.15,15165.4,14779.1,14874.75,23619800.0,14874.75
2023-01-30,14807.5,14955.15,14675.05,14854.2,21766700.0,14854.2
2023-01-31,14906.45,14962.95,14787.85,14935.5,21357100.0,14935.5
2023-02-01,15054.8,15154.1,14622.65,14847.65,26382500.0,14847.65
2023-02-02,14760.35,14887.45,14698.4,14839.4,20569100.0,14839.4
2023-02-03,14904.1,14972.15,14746.45,14962.35,20226200.0,14962.35
2023-02-06,14939.4,14954.3,14870.55,14934.15,21782900.0,14934.15
2023-02-07,14950.15,14970.8,14845.95,14902.2,16800000.0,14902.2
2023-02-08,14927.55,15046.7,14924.05,15028.3,17301500.0,15028.3
2023-02-09,15036.85,15054.75,14956.9,15030.1,15692900.0,15030.1
2023-02-10,14992.65,15031.1,14969.55,15015.85,15674600.0,15015.85
2023-02-13,15011.35,15022.55,14875.85,14900.5,13892400.0,14900.5
2023-02-14,14936.2,14988.0,14879.35,14968.9,13173500.0,14968.9
2023-02-15,14939.0,15053.55,14923.25,15039.65,12612200.0,15039.65
2023-02-16,15098.45,15135.35,15060.0,15083.75,12628100.0,15083.75
2023-02-17,15036.25,15077.0,14966.3,15003.95,11788700.0,15003.95
2023-02-20,15023.45,15036.45,14920.7,14938.65,14870400.0,14938.65
2023-02-21,14982.0,14992.7,14894.15,14913.95,13621400.0,14913.95
2023-02-22,14854.15,14861.05,14674.25,14701.9,14453300.0,14701.9
2023-02-23,14715.2,14740.8,14599.1,14666.75,17382800.0,14666.75
2023-02-24,14723.4,14741.95,14598.95,14630.45,14434600.0,14630.45
2023-02-27,14600.9,14609.4,14465.7,14548.7,13597900.0,14548.7
2023-02-28,14550.0,14584.45,14476.0,14518.75,20385500.0,14518.75
2023-03-01,14557.0,14675.05,14550.1,14664.85,16097000.0,14664.85
2023-03-02,14654.8,14668.4,14575.95,14587.25,15599200.0,14587.25
2023-03-03,14686.25,14813.05,14676.05,14774.75,18314000.0,14774.75
2023-03-06,14848.35,14942.05,14843.7,14881.0,16186000.0,14881.0
2023-03-08,14843.1,14932.4,14791.25,14921.95,13836400.0,14921.95
2023-03-09,14947.05,14952.85,14788.9,14803.95,13376000.0,14803.95
2023-03-10,14695.05,14699.35,14593.4,14679.85,12540400.0,14679.85
2023-03-13,14681.55,14752.85,14420.5,14454.45,18200100.0,14454.45
2023-03-14,14462.0,14499.2,14306.8,14358.55,15415200.0,14358.55
2023-03-15,14458.15,14494.35,14298.15,14320.3,13865700.0,14320.3
2023-03-16,14328.5,14387.65,14189.0,14330.35,21668100.0,14330.35
2023-03-17,14436.25,14464.9,14327.75,14420.85,23358000.0,14420.85
2023-03-20,14389.85,14393.6,14196.5,14317.1,16179700.0,14317.1
2023-03-21,14379.05,14428.15,14339.95,14411.3,13293900.0,14411.3
2023-03-22,14470.05,14497.15,14432.2,14460.0,0.0,14460.0
2023-03-23,14422.95,14490.65,14388.3,14403.6,11622300.0,14403.6
2023-03-24,14409.0,14434.1,14257.5,14279.0,13960500.0,14279.0
2023-03-27,14306.6,14348.95,14238.9,14262.7,14815600.0,14262.7
2023-03-28,14289.95,14300.2,14177.5,14211.8,14615200.0,14211.8
2023-03-29,14218.6,14377.3,14218.6,14345.6,19557100.0,14345.6
2023-03-31,14442.3,14577.15,14438.8,14557.85,17405600.0,14557.85
2023-04-03,14621.05,14621.05,14541.6,14601.95,13824900.0,14601.95
2023-04-05,14620.7,14718.9,14611.25,14709.4,13452400.0,14709.4
2023-04-06,14701.1,14786.0,14673.7,14759.2,13016900.0,14759.2
2023-04-10,14797.35,14833.45,14767.0,14790.55,12063200.0,14790.55
2023-04-11,14854.65,14893.6,14814.35,14867.25,12444900.0,14867.25
2023-04-12,14902.2,14949.9,14871.9,14941.55,11965900.0,14941.55
2023-04-13,14946.45,14965.7,14885.25,14954.25,12962500.0,14954.25
2023-04-17,14970.35,14970.35,14794.45,14904.3,13960200.0,14904.3
2023-04-18,14949.1,14949.1,14852.65,14897.0,15883500.0,14897.0
2023-04-19,14901.25,14905.6,14832.9,14856.9,14657200.0,14856.9
2023-04-20,14878.55,14905.8,14835.9,14861.75,11133000.0,14861.75
2023-04-21,14879.6,14888.65,14789.95,14847.1,14464900.0,14847.1
2023-04-24,14903.95,14937.2,14841.6,14930.15,15603800.0,14930.15
2023-04-25,14945.8,14981.3,14916.35,14955.7,19990300.0,14955.7
2023-04-26,14954.2,15003.1,14918.55,14994.4,21127900.0,14994.4
2023-04-27,14999.9,15085.85,14989.2,15075.05,19847000.0,15075.05
2023-04-28,15111.05,15235.45,15077.45,15219.55,22144800.0,15219.55
2023-05-02,15276.2,15327.75,15261.15,15300.75,21880900.0,15300.75
2023-05-03,15277.75,15305.05,15239.5,15276.4,21733900.0,15276.4
2023-05-04,15282.25,15414.7,15272.7,15405.5,22255200.0,15405.5
2023-05-05,15330.35,15394.9,15265.85,15278.6,21111500.0,15278.6
2023-05-08,15321.9,15440.85,15310.75,15427.1,17561300.0,15427.1
2023-05-09,15462.75,15502.7,15393.95,15420.6,18148500.0,15420.6
2023-05-10,15458.05,15476.1,15372.45,15466.05,16332600.0,15466.05
2023-05-11,15512.35,15526.75,15461.85,15484.05,15978800.0,15484.05
2023-05-12,15475.05,15506.15,15401.65,15477.35,13497800.0,15477.35
2023-05-15,15495.85,15591.95,15464.65,15549.7,13567700.0,15549.7
2023-05-16,15584.4,15592.25,15476.65,15492.4,17817900.0,15492.4
2023-05-17,15508.25,15512.85,15367.0,15426.35,17073900.0,15426.35
2023-05-18,15506.65,15514.9,15346.85,15361.6,15928500.0,15361.6
2023-05-19,15399.5,15418.8,15278.7,15407.55,13957600.0,15407.55
2023-05-22,15409.05,15517.65,15386.9,15504.0,16992200.0,15504.0
2023-05-23,15551.05,15595.65,15528.75,15544.75,14883100.0,15544.75
2023-05-24,15517.2,15591.4,15493.3,15515.95,17595700.0,15515.95
2023-05-25,15510.2,15568.55,15474.15,15555.25,17916200.0,15555.25
2023-05-26,15589.5,15704.0,15567.85,15696.75,15551800.0,15696.75
2023-05-29,15791.75,15805.75,15758.15,15772.35,17560100.0,15772.35
2023-05-30,15784.25,15823.9,15759.35,15799.45,16359800.0,15799.45
2023-05-31,15773.8,15789.2,15706.5,15766.4,34527400.0,15766.4
2023-06-01,15801.95,15823.95,15743.4,15760.35,17566700.0,15760.35
2023-06-02,15816.8,15838.45,15774.65,15811.2,18505700.0,15811.2
2023-06-05,15877.45,15899.15,15851.75,15859.5,17899700.0,15859.5
2023-06-06,15873.75,15895.7,15816.7,15878.4,17273800.0,15878.4
2023-06-07,15938.3,16016.0,15920.25,16006.7,31132700.0,16006.7
2023-06-08,16021.7,16048.8,15906.15,15921.05,23687500.0,15921.05
2023-06-09,15947.95,15961.7,15866.8,15877.4,18992700.0,15877.4
2023-06-12,15913.2,15946.15,15874.4,15929.1,17248900.0,15929.1
2023-06-13,15964.8,16057.5,15964.3,16048.2,19119800.0,16048.2
2023-06-14,16082.15,16094.1,16035.15,16084.05,20155200.0,16084.05
2023-06-15,16106.85,16138.7,16039.05,16058.25,17043200.0,16058.25
2023-06-16,16100.9,16211.25,16091.8,16181.45,20414800.0,16181.45
2023-06-19,16231.05,16244.95,16117.85,16142.15,17333000.0,16142.15
2023-06-20,16147.55,16215.6,16080.95,16199.95,16932200.0,16199.95
2023-06-21,16244.55,16277.35,16201.4,16240.95,18561500.0,16240.95
2023-06-22,16252.75,16264.15,16128.8,16140.8,17972000.0,16140.8
2023-06-23,16126.7,16133.95,15999.4,16011.8,15066500.0,16011.8
2023-06-26,16017.5,16079.0,15995.1,16066.15,13334300.0,16066.15
2023-06-27,16118.65,16171.2,16104.2,16163.5,14832100.0,16163.5
2023-06-28,16239.85,16296.0,16210.45,16277.2,20741900.0,16277.2
2023-06-30,16354.95,16437.45,16326.0,16430.0,21663000.0,16430.0
2023-07-03,16490.95,16541.9,16485.3,16527.95,22143300.0,16527.95
2023-07-04,16597.5,16599.25,16499.15,16556.05,28937900.0,16556.05
2023-07-05,16580.2,16611.15,16540.2,16597.2,23384400.0,16597.2
2023-07-06,16600.75,16703.3,16590.7,16695.05,24845700.0,16695.05
2023-07-07,16653.3,16718.2,16541.6,16564.9,21794000.0,16564.9
2023-07-10,16620.9,16623.95,16530.75,16553.75,17837500.0,16553.75
2023-07-11,16610.95,16698.8,16597.55,16648.0,19751600.0,16648.0
2023-07-12,16697.1,16703.25,16627.3,16641.05,21120500.0,16641.05
2023-07-13,16726.95,16774.5,16596.45,16623.9,21563600.0,16623.9
2023-07-14,16695.7,16786.0,16655.05,16765.45,16827100.0,16765.45
2023-07-17,16811.65,16884.95,16784.35,16872.05,20461300.0,16872.05
2023-07-18,16932.95,16940.15,16818.3,16872.0,19999200.0,16872.0
2023-07-19,16919.05,16964.25,16877.45,16953.5,19868200.0,16953.5
2023-07-20,16965.45,17051.0,16912.7,17042.55,21616500.0,17042.55
2023-07-21,16931.95,16991.4,16874.95,16904.3,23571800.0,16904.3
2023-07-24,16921.75,16948.4,16852.2,16865.15,28840000.0,16865.15
2023-07-25,16918.8,16918.85,16832.45,16896.9,22880300.0,16896.9
2023-07-26,16950.7,17011.0,16931.6,16975.0,23136100.0,16975.0
2023-07-27,17038.35,17056.2,16873.0,16919.2,24802600.0,16919.2
2023-07-28,16935.05,16960.5,16880.6,16948.35,20685400.0,16948.35
2023-07-31,16972.5,17072.8,16939.0,17059.0,24434300.0,17059.0
2023-08-01,17096.6,17102.1,17026.3,17051.15,23309200.0,17051.15
2023-08-02,17005.6,17018.85,16755.9,16858.95,24246300.0,16858.95
2023-08-03,16818.35,16878.75,16691.65,16772.3,25498600.0,16772.3
2023-08-04,16847.4,16914.45,16836.55,16890.6,26290700.0,16890.6
2023-08-07,16948.35,16970.05,16897.5,16956.35,22503500.0,16956.35
2023-08-08,16991.85,16998.15,16889.85,16949.25,23945400.0,16949.25
2023-08-09,16966.85,17011.95,16881.75,17003.85,21148900.0,17003.85
2023-08-10,16999.5,17013.45,16901.55,16939.85,23453800.0,16939.85
2023-08-11,16970.05,16972.05,16845.8,16860.15,22768800.0,16860.15
2023-08-14,16827.75,16854.1,16661.0,16825.55,20268700.0,16825.55
2023-08-16,16779.6,16867.8,16732.75,16853.05,0.0,16853.05
2023-08-17,16858.85,16869.4,16781.6,16802.25,20478700.0,16802.25
2023-08-18,16768.0,16803.25,16722.05,16757.7,19005500.0,16757.7
2023-08-21,16780.75,16872.55,16766.7,16852.05,17652800.0,16852.05
2023-08-22,16886.95,16925.45,16874.8,16905.25,22516400.0,16905.25
2023-08-23,16950.9,16981.85,16912.15,16950.25,22837200.0,16950.25
2023-08-24,17039.25,17074.25,16916.4,16930.15,24143400.0,16930.15
2023-08-25,16871.0,16905.7,16785.25,16820.85,25050200.0,16820.85
2023-08-28,16866.4,16918.25,16823.4,16875.3,24426100.0,16875.3
2023-08-29,16933.85,16938.8,16898.05,16927.3,25140300.0,16927.3
2023-08-30,17010.15,17035.6,16959.1,16968.95,22475100.0,16968.95
2023-08-31,17001.35,17011.8,16904.7,16924.3,38895000.0,16924.3
2023-09-01,16940.2,17088.1,16931.5,17074.55,39465900.0,17074.55
2023-09-04,17157.9,17191.2,17074.55,17180.95,4456715100.0,17180.95
2023-09-05,17228.2,17264.9,17180.95,17252.1,37702500.0,17252.1
2023-09-06,17274.2,17298.8,17198.75,17284.6,30486500.0,17284.6
2023-09-07,17292.35,17395.0,17269.1,17385.5,27654800.0,17385.5
2023-09-08,17437.65,17519.6,17411.85,17487.45,29913900.0,17487.45
2023-09-11,17567.2,17660.8,17550.2,17653.35,37172200.0,17653.35
2023-09-12,17753.95,17754.05,17422.05,17460.55,44340200.0,17460.55
2023-09-13,17458.4,17540.85,17364.35,17526.75,34773200.0,17526.75
2023-09-14,17593.25,17648.55,17546.0,17603.5,29508800.0,17603.5
2023-09-15,17662.8,17691.85,17620.9,17665.8,41392000.0,17665.8
2023-09-18,17666.85,17671.6,17601.55,17613.6,44639200.0,17613.6
2023-09-20,17513.2,17571.15,17419.75,17449.35,30967800.0,17449.35
2023-09-21,17409.1,17422.75,17273.1,17303.5,28822700.0,17303.5
2023-09-22,17314.4,17361.8,17226.05,17260.8,30348000.0,17260.8
2023-09-25,17276.35,17308.2,17198.2,17272.55,23415700.0,17272.55
2023-09-26,17284.9,17312.35,17250.3,17276.75,23871700.0,17276.75
2023-09-27,17270.4,17352.1,17217.45,17341.6,24176400.0,17341.6
2023-09-28,17384.05,17389.2,17147.0,17170.45,29247500.0,17170.45
2023-09-29,17227.55,17357.15,17205.2,17292.6,20880800.0,17292.6
2023-10-03,17294.5,17295.45,17201.7,17254.4,24738400.0,17254.4
2023-10-04,17195.55,17200.7,17032.6,17123.1,29957400.0,17123.1
2023-10-05,17202.25,17234.0,17154.3,17195.8,24783900.0,17195.8
2023-10-06,17263.35,17310.1,17237.1,17293.6,22409800.0,17293.6
2023-10-09,17170.5,17206.85,17096.65,17127.7,23369400.0,17127.7
2023-10-10,17184.55,17319.3,17184.55,17303.35,20047300.0,17303.35
2023-10-11,17380.65,17447.8,17375.5,17407.35,21946300.0,17407.35
2023-10-12,17438.3,17457.85,17402.45,17419.7,21367300.0,17419.7
2023-10-13,17323.05,17436.5,17306.55,17390.35,22759700.0,17390.35
2023-10-16,17390.35,17431.5,17353.15,17393.0,21609200.0,17393.0
2023-10-17,17490.05,17494.5,17437.95,17467.7,21889100.0,17467.7
2023-10-18,17484.35,17492.4,17332.3,17344.0,23155700.0,17344.0
2023-10-19,17251.2,17344.6,17202.25,17310.5,20476800.0,17310.5
2023-10-20,17258.3,17295.05,17190.6,17208.75,25928300.0,17208.75
2023-10-23,17204.75,17224.8,16859.85,16888.7,25439800.0,16888.7
2023-10-25,16912.4,16967.1,16677.15,16760.8,24536000.0,16760.8
2023-10-26,16678.7,16689.1,16466.25,16555.45,25590800.0,16555.45
2023-10-27,16636.05,16793.1,16634.6,16765.45,21446600.0,16765.45
2023-10-30,16784.95,16837.8,16661.95,16826.1,20563300.0,16826.1
2023-10-31,16909.7,16910.0,16785.55,16801.1,18455500.0,16801.1
2023-11-01,16808.5,16834.1,16719.1,16732.95,23946000.0,16732.95
2023-11-02,16849.95,16903.75,16823.0,16890.8,22356100.0,16890.8
2023-11-03,16990.35,17027.45,16983.05,17000.95,24482900.0,17000.95
2023-11-06,17105.35,17168.75,17080.95,17159.4,18888700.0,17159.4
2023-11-07,17170.35,17200.6,17120.75,17187.8,21619300.0,17187.8
2023-11-08,17242.65,17269.25,17215.0,17259.7,23112000.0,17259.7
2023-11-09,17284.95,17288.6,17209.55,17218.9,21496900.0,17218.9
2023-11-10,17189.7,17274.9,17156.85,17256.6,16533000.0,17256.6
2023-11-12,17380.5,17384.15,17347.45,17361.1,22743900.0,17361.1
2023-11-13,17335.0,17339.15,17278.65,17318.6,22743900.0,17318.6
2023-11-15,17493.3,17518.9,17448.3,17508.05,27787100.0,17508.05
2023-11-16,17518.1,17668.65,17486.5,17593.1,22354800.0,17593.1
2023-11-17,17537.45,17649.05,17528.85,17600.5,29718400.0,17600.5
2023-11-20,17618.55,17636.4,17556.1,17573.65,21843200.0,17573.65
2023-11-21,17644.5,17665.0,17617.2,17627.6,20175000.0,17627.6
2023-11-22,17637.45,17654.6,17533.75,17627.7,18139100.0,17627.7
2023-11-23,17654.15,17693.25,17627.35,17639.4,16889200.0,17639.4
2023-11-24,17661.3,17684.15,17631.75,17643.5,18055700.0,17643.5
2023-11-28,17701.05,17760.0,17665.65,17741.8,22613200.0,17741.8
2023-11-29,17831.65,17911.35,17823.45,17904.1,22418200.0,17904.1
2023-11-30,17926.9,18007.1,17845.9,17987.95,46145900.0,17987.95
2023-12-01,18061.8,18141.65,18053.15,18115.35,24790000.0,18115.35
2023-12-04,18422.35,18460.0,18315.45,18448.5,29478500.0,18448.5
2023-12-05,18541.3,18594.9,18453.65,18588.55,28525000.0,18588.55
2023-12-06,18677.25,18698.8,18594.4,18680.0,27288500.0,18680.0
2023-12-07,18696.75,18721.8,18619.75,18703.85,32793000.0,18703.85
2023-12-08,18752.25,18785.7,18588.15,18703.5,35541800.0,18703.5
2023-12-11,18726.35,18780.45,18710.15,18770.2,29109900.0,18770.2
2023-12-12,18809.9,18819.7,18635.35,18686.8,33150900.0,18686.8
2023-12-13,18723.7,18770.45,18601.5,18751.45,29800900.0,18751.45
2023-12-14,18906.4,18996.25,18893.75,18973.85,39641300.0,18973.85
2023-12-15,19071.95,19165.1,19020.55,19145.05,40267000.0,19145.05
2023-12-18,19149.15,19201.55,19073.1,19155.55,34119200.0,19155.55
2023-12-19,19212.55,19213.55,19067.2,19169.25,29523800.0,19169.25
2023-12-20,19264.4,19303.6,18727.1,18779.45,38696000.0,18779.45
2023-12-21,18647.85,18965.8,18582.95,18941.8,30612700.0,18941.8
2023-12-22,19011.25,19089.95,18934.75,19054.7,26069600.0,19054.7
2023-12-26,19095.0,19173.8,19059.4,19148.85,22132200.0,19148.85
2023-12-27,19219.4,19312.3,19189.8,19296.95,20854200.0,19296.95
2023-12-28,19358.35,19414.55,19313.1,19399.25,32391400.0,19399.25
2023-12-29,19394.5,19450.1,19338.35,19429.15,42430900.0,19429.15
2024-01-01,19452.0,19543.25,19421.4,19469.5,40598500.0,19469.5
2024-01-02,19496.8,19499.8,19271.65,19418.4,40598500.0,19418.4
2024-01-03,19434.3,19442.2,19343.15,19367.15,36356200.0,19367.15
2024-01-04,19451.8,19560.4,19433.5,19541.25,32459600.0,19541.25
2024-01-05,19602.1,19637.1,19490.95,19590.6,40342900.0,19590.6
2024-01-08,19636.0,19641.85,19400.6,19417.7,35203500.0,19417.7
2024-01-09,19549.5,19596.05,19439.1,19459.55,37052500.0,19459.55
2024-01-10,19463.55,19532.3,19354.1,19517.85,36103400.0,19517.85
2024-01-11,19589.75,19626.5,19532.3,19584.35,33718400.0,19584.35
2024-01-12,19691.25,19775.9,19635.75,19745.6,31008900.0,19745.6
2024-01-15,19876.5,19896.9,19763.8,19885.55,35121900.0,19885.55
2024-01-16,19894.3,19923.3,19736.2,19827.55,41454800.0,19827.55
2024-01-17,19556.4,19707.7,19470.05,19487.6,41490700.0,19487.6
2024-01-18,19388.4,19468.65,19143.5,19414.8,37178000.0,19414.8
2024-01-19,19555.95,19618.95,19537.15,19606.4,37538800.0,19606.4
2024-01-20,19698.05,19718.7,19582.7,19601.9,44759000.0,19601.9
2024-01-23,19743.5,19752.35,19158.75,19206.45,44759000.0,19206.45
2024-01-24,19193.15,19470.65,19080.5,19451.0,41769400.0,19451.0
2024-01-25,19479.65,19480.05,19289.8,19393.0,38563500.0,19393.0
2024-01-29,19475.4,19728.9,19470.05,19711.65,41540400.0,19711.65
2024-01-30,19770.25,19799.25,19558.8,19574.2,39664800.0,19574.2
2024-01-31,19574.15,19813.3,19546.4,19802.1,35992100.0,19802.1
2024-02-01,19869.95,19871.25,19703.75,19777.35,42128500.0,19777.35
2024-02-02,19884.65,20101.15,19874.8,19910.8,49946000.0,19910.8
2024-02-05,19989.65,20044.0,19805.75,19853.5,51778800.0,19853.5
2024-02-06,19923.2,20044.45,19824.85,20033.75,45963000.0,20033.75
2024-02-07,20157.2,20169.9,20011.45,20109.55,58018300.0,20109.55
2024-02-08,20207.55,20209.05,19949.35,19987.55,55978000.0,19987.55
2024-02-09,20015.0,20040.65,19745.45,19961.5,54127000.0,19961.5
2024-02-12,19999.95,20015.0,19634.6,19675.2,40401200.0,19675.2
2024-02-13,19709.8,19796.05,19508.75,19782.9,39268800.0,19782.9
2024-02-14,19618.1,19943.75,19579.2,19922.3,34524400.0,19922.3
2024-02-15,20011.7,20065.75,19952.0,20037.0,35406900.0,20037.0
2024-02-16,20136.85,20191.45,20098.1,20164.9,31059200.0,20164.9
2024-02-19,20244.25,20301.0,20174.9,20241.1,26832800.0,20241.1
2024-02-20,20242.65,20285.8,20190.7,20271.9,26832800.0,20271.9
2024-02-21,20329.1,20342.3,20077.8,20128.3,31364400.0,20128.3
2024-02-22,20179.25,20308.9,20004.1,20283.95,31743900.0,20283.95
2024-02-23,20358.7,20365.65,20280.15,20313.5,39835600.0,20313.5
2024-02-26,20299.5,20335.75,20210.35,20255.8,28150900.0,20255.8
2024-02-27,20249.25,20329.1,20234.95,20292.85,28512700.0,20292.85
2024-02-28,20323.5,20335.65,19987.35,20020.4,38512900.0,20020.4
2024-02-29,20009.25,20160.05,19901.3,20090.05,48948700.0,20090.05
2024-03-01,20171.9,20360.2,20171.0,20349.8,28202800.0,20349.8
2024-03-02,20419.55,20446.8,20400.2,20421.35,25412600.0,20421.35
2024-03-04,20456.75,20482.6,20383.15,20432.05,25412600.0,20432.05
2024-03-05,20422.3,20440.4,20328.0,20382.0,27107000.0,20382.0
2024-03-06,20368.75,20396.75,20139.35,20379.55,35547900.0,20379.55
2024-03-07,20413.65,20471.35,20384.5,20434.8,24346300.0,20434.8
2024-03-11,20478.75,20483.25,20264.3,20288.75,22816800.0,20288.75
2024-03-12,20299.8,20326.25,20135.3,20171.4,24347400.0,20171.4
2024-03-13,20236.8,20247.9,19549.5,19646.3,41486300.0,19646.3
2024-03-14,19598.4,19933.9,19514.7,19916.35,38249400.0,19916.35
2024-03-15,19867.75,19942.4,19671.15,19825.2,41574600.0,19825.2
2024-03-18,19804.3,19894.45,19709.2,19843.1,22428300.0,19843.1
2024-03-19,19785.8,19798.95,19594.1,19610.55,21287100.0,19610.55
2024-03-20,19651.7,19697.45,19465.85,19632.05,21521000.0,19632.05
2024-03-21,19790.85,19916.45,19790.85,19897.4,22056500.0,19897.4
2024-03-22,19855.0,20048.6,19806.7,19994.6,26015800.0,19994.6
2024-03-26,19895.55,20044.5,19895.3,20005.25,23428500.0,20005.25
2024-03-27,20063.0,20174.4,20063.0,20087.8,28219300.0,20087.8
2024-03-28,20150.35,20380.5,20146.15,20255.15,26471400.0,20255.15
2024-04-01,20392.25,20504.5,20387.05,20492.55,24756300.0,20492.55
2024-04-02,20524.15,20579.25,20481.85,20569.75,28128700.0,20569.75
2024-04-03,20528.2,20657.9,20496.55,20605.7,30258700.0,20605.7
2024-04-04,20755.35,20772.4,20537.5,20664.65,33121800.0,20664.65
2024-04-05,20654.75,20730.15,20609.9,20715.1,28297700.0,20715.1
2024-04-08,20806.85,20866.1,20768.5,20819.1,27481500.0,20819.1
2024-04-09,20912.75,20912.75,20741.5,20790.7,22792400.0,20790.7
2024-04-10,20864.55,20933.85,20822.85,20915.2,25719500.0,20915.2
2024-04-12,20873.2,20931.4,20735.15,20745.5,32597400.0,20745.5
2024-04-15,20493.3,20623.8,20362.3,20478.75,31952800.0,20478.75
2024-04-16,20361.25,20495.2,20326.25,20423.0,31141100.0,20423.0
2024-04-18,20515.15,20617.1,20291.15,20324.7,29636300.0,20324.7
2024-04-19,20178.25,20428.4,20038.35,20385.2,27183000.0,20385.2
2024-04-22,20566.2,20604.1,20468.1,20574.85,36990800.0,20574.85
2024-04-23,20687.9,20689.75,20621.55,20652.65,48926300.0,20652.65
2024-04-24,20723.2,20772.55,20710.2,20730.65,36984300.0,20730.65
2024-04-25,20690.85,20894.0,20686.7,20867.9,107777900.0,20867.9
2024-04-26,20926.4,20941.1,20814.5,20839.35,66099300.0,20839.35
2024-04-29,20911.1,21002.1,20847.85,20992.2,41065400.0,20992.2
2024-04-30,21052.35,21146.5,20971.85,20997.2,36823500.0,20997.2
2024-05-02,21010.45,21126.1,21009.35,21083.6,32855900.0,21083.6
2024-05-03,21193.45,21208.7,20830.65,20959.55,40630500.0,20959.55
2024-05-06,21044.1,21048.95,20805.05,20864.95,30888200.0,20864.95
2024-05-07,20911.35,20914.9,20548.8,20636.05,37453900.0,20636.05
2024-05-08,20586.8,20768.75,20516.25,20704.9,27005200.0,20704.9
2024-05-09,20681.1,20736.25,20318.9,20344.8,26295900.0,20344.8
2024-05-10,20398.0,20482.05,20299.1,20469.1,22511100.0,20469.1
2024-05-13,20471.65,20540.25,20184.1,20511.0,24038600.0,20511.0
2024-05-14,20544.35,20709.75,20508.0,20683.8,26136600.0,20683.8
2024-05-15,20744.5,20811.25,20681.9,20741.85,21688100.0,20741.85
2024-05-16,20846.85,20950.55,20667.8,20929.05,24680000.0,20929.05
2024-05-17,20967.4,21078.65,20934.45,21064.55,26742600.0,21064.55
2024-05-18,21131.45,21156.45,21115.8,21144.45,35418000.0,21144.45
2024-05-21,21114.65,21224.7,21068.85,21187.65,35418000.0,21187.65
2024-05-22,21255.2,21261.75,21103.2,21237.75,29683000.0,21237.75
2024-05-23,21280.05,21505.25,21249.15,21489.55,34296400.0,21489.55
2024-05-24,21483.0,21567.45,21444.95,21483.75,52358500.0,21483.75
2024-05-27,21573.8,21613.6,21439.15,21493.0,35971800.0,21493.0
2024-05-28,21542.5,21558.15,21345.35,21387.35,28460800.0,21387.35
2024-05-29,21288.35,21356.15,21243.2,21256.3,25281000.0,21256.3
2024-05-30,21201.8,21262.85,20983.95,21038.55,35289300.0,21038.55
2024-05-31,21129.35,21177.25,21003.0,21103.3,64228200.0,21103.3
2024-06-03,21926.6,21926.6,21629.3,21797.4,52059200.0,21797.4
2024-06-04,21753.35,21753.35,19624.25,20323.85,92929300.0,20323.85
2024-06-05,20570.75,21092.15,20116.6,21054.4,55213500.0,21054.4
2024-06-06,21253.7,21462.8,21193.2,21365.0,38366900.0,21365.0
2024-06-07,21390.2,21781.35,21333.5,21764.15,37282200.0,21764.15
2024-06-10,21844.3,21930.5,21758.3,21808.25,37085600.0,21808.25
2024-06-11,21856.35,21961.45,21782.35,21852.0,44745100.0,21852.0
2024-06-12,21935.2,22023.9,21904.7,21960.95,35472600.0,21960.95
2024-06-13,22120.75,22120.8,21992.15,22074.3,31190000.0,22074.3
2024-06-14,22148.25,22229.4,22054.15,22214.3,34231400.0,22214.3
2024-06-18,22323.55,22338.15,22253.35,22329.6,32391200.0,22329.6
2024-06-19,22406.3,22406.3,22127.25,22224.9,52210600.0,22224.9
2024-06-20,22293.55,22333.6,22182.2,22305.1,34702700.0,22305.1
2024-06-21,22392.6,22393.3,22186.2,22236.2,48207200.0,22236.2
2024-06-24,22150.65,22309.1,22073.65,22289.1,32202800.0,22289.1
2024-06-25,22349.75,22391.75,22287.1,22370.65,26474200.0,22370.65
2024-06-26,22379.5,22464.85,22309.5,22436.8,38300800.0,22436.8
2024-06-27,22459.9,22571.65,22395.9,22537.4,42989900.0,22537.4
2024-06-28,22592.25,22673.65,22537.7,22559.7,43007900.0,22559.7
2024-07-01,22580.4,22739.7,22570.4,22727.6,0.0,22727.6
2024-07-02,22806.3,22810.65,22592.2,22677.8,0.0,22677.8
2024-07-03,22820.55,22871.65,22764.1,22851.2,0.0,22851.2
2024-07-04,22937.6,22962.8,22866.7,22914.2,30704400.0,22914.2
2024-07-05,22878.5,23011.8,22838.2,22987.65,41259000.0,22987.65
2024-07-08,23029.35,23040.75,22897.95,22971.15,37034300.0,22971.15
2024-07-09,23035.05,23082.35,22974.95,23067.35,32561800.0,23067.35
2024-07-10,23124.15,23125.3,22685.65,22977.65,32958800.0,22977.65
2024-07-11,23059.95,23063.1,22904.3,23005.25,33766300.0,23005.25
2024-07-12,23086.25,23189.4,23021.4,23095.45,35369700.0,23095.45
2024-07-15,23188.8,23234.3,23081.3,23209.85,34314300.0,23209.85
2024-07-16,23258.2,23288.05,23181.35,23204.25,34335200.0,23204.25
2024-07-18,23167.65,23233.85,22993.55,23210.05,35622300.0,23210.05
2024-07-19,23232.5,23232.5,22833.0,22853.6,30218600.0,22853.6
2024-07-22,22761.5,23001.05,22667.75,22942.65,29609000.0,22942.65
2024-07-23,23022.8,23031.95,22307.2,22865.2,45631600.0,22865.2
2024-07-24,22856.85,22965.45,22816.75,22921.45,31512400.0,22921.45
2024-07-25,22753.2,22938.65,22732.2,22917.25,34439400.0,22917.25
2024-07-26,22970.4,23306.75,22965.5,23292.05,34525200.0,23292.05
2024-07-29,23423.15,23496.4,23326.05,23394.2,36107300.0,23394.2
2024-07-30,23421.2,23530.0,23381.35,23440.9,29987100.0,23440.9
2024-07-31,23495.85,23556.0,23459.6,23530.8,32149100.0,23530.8
2024-08-01,23608.85,23637.75,23429.55,23506.6,29214900.0,23506.6
2024-08-02,23296.1,23395.1,23225.65,23259.45,30923600.0,23259.45
2024-08-05,22772.55,22868.35,22397.7,22542.45,40193400.0,22542.45
2024-08-06,22696.95,22910.75,22406.05,22443.3,27000600.0,22443.3
2024-08-07,22773.45,22870.85,22650.8,22848.9,24591600.0,22848.9
2024-08-08,22842.0,22905.6,22676.0,22705.7,24382600.0,22705.7
2024-08-09,22948.15,22982.45,22869.4,22923.5,21118900.0,22923.5
2024-08-12,22862.9,22993.25,22753.75,22915.85,25324300.0,22915.85
2024-08-13,22952.7,22962.75,22684.45,22705.8,27582500.0,22705.8
2024-08-14,22765.65,22778.95,22599.95,22672.65,23576200.0,22672.65
2024-08-16,22846.1,23071.75,22750.3,23056.5,20454900.0,23056.5
2024-08-19,23174.2,23195.6,23104.1,23139.75,21337100.0,23139.75
2024-08-20,23223.6,23292.7,23175.4,23280.35,21727000.0,23280.35
2024-08-21,23283.75,23383.2,23256.25,23368.65,22340700.0,23368.65
2024-08-22,23467.15,23474.85,23408.95,23440.7,21863200.0,23440.7
2024-08-23,23485.3,23496.85,23401.0,23418.65,23411800.0,23418.65
2024-08-26,23514.3,23579.75,23466.75,23561.75,19994300.0,23561.75
2024-08-27,23592.0,23633.2,23555.55,23604.85,22130300.0,23604.85
2024-08-28,23646.8,23679.35,23547.25,23615.95,24488600.0,23615.95
2024-08-29,23618.25,23664.35,23494.45,23631.4,29804300.0,23631.4
2024-08-30,23728.55,23766.4,23673.95,23734.55,70150200.0,23734.55
2024-09-02,23835.2,23835.2,23693.65,23760.7,25228700.0,23760.7
2024-09-03,23817.0,23817.55,23771.2,23788.45,18146200.0,23788.45
2024-09-04,23611.8,23761.4,23605.35,23748.9,20620200.0,23748.9
2024-09-05,23821.0,23836.35,23749.05,23762.8,23179400.0,23762.8
2024-09-06,23746.0,23794.35,23434.9,23477.7,38704200.0,23477.7
2024-09-09,23452.85,23526.55,23294.45,23502.15,23648800.0,23502.15
2024-09-10,23591.85,23712.95,23531.65,23643.65,22265300.0,23643.65
2024-09-11,23665.1,23723.05,23498.15,23531.25,23090100.0,23531.25
2024-09-12,23680.0,23934.6,23593.6,23907.35,23740100.0,23907.35
2024-09-13,23966.5,23966.55,23885.2,23928.2,20577800.0,23928.2
2024-09-16,24006.15,24026.0,23917.5,23968.2,17209800.0,23968.2
2024-09-17,24008.25,24008.25,23912.55,23969.9,16183800.0,23969.9
2024-09-18,23972.55,24000.3,23800.85,23898.65,18564600.0,23898.65
2024-09-19,24012.3,24078.0,23702.0,23853.95,45138100.0,23853.95
2024-09-20,23956.55,24243.15,23885.0,24193.8,42372300.0,24193.8
2024-09-23,24294.8,24393.7,24262.3,24379.2,35691300.0,24379.2
2024-09-24,24390.05,24429.0,24353.75,24389.7,26025400.0,24389.7
2024-09-25,24377.25,24394.35,24268.5,24371.25,29281600.0,24371.25
2024-09-26,24399.15,24512.65,24338.4,24496.9,30998100.0,24496.9
2024-09-27,24529.55,24573.4,24469.0,24489.55,41993700.0,24489.55
2024-09-30,24410.0,24456.1,24217.4,24245.2,26120900.0,24245.2
2024-10-01,24248.5,24329.45,24191.05,24271.3,22116800.0,24271.3
2024-10-03,23931.85,24122.0,23713.0,23755.45,27320600.0,23755.45
2024-10-04,23704.95,23920.3,23483.4,23534.95,26223100.0,23534.95
2024-10-07,23616.35,23659.65,23089.5,23181.95,30375500.0,23181.95
2024-10-08,23175.2,23544.8,23106.5,23512.55,25631100.0,23512.55
2024-10-09,23600.1,23797.45,23570.7,23599.6,25890900.0,23599.6
2024-10-10,23695.55,23755.5,23580.6,23598.15,19427900.0,23598.15
2024-10-11,23608.3,23654.0,23546.3,23611.25,17121900.0,23611.25
2024-10-14,23670.5,23740.2,23646.1,23727.05,16763300.0,23727.05
2024-10-15,23800.4,23814.95,23662.3,23735.7,17789200.0,23735.7
2024-10-16,23702.85,23768.15,23588.8,23673.15,17373100.0,23673.15
2024-10-17,23717.3,23720.15,23366.0,23377.0,17807000.0,23377.0
2024-10-18,23285.65,23471.2,23120.95,23440.7,19475900.0,23440.7
2024-10-21,23527.6,23559.05,23224.55,23263.25,20166200.0,23263.25
2024-10-22,23277.1,23306.2,22789.7,22814.45,24168100.0,22814.45
2024-10-23,22751.8,22989.05,22673.3,22841.1,26061900.0,22841.1
2024-10-24,22841.85,22893.2,22747.55,22787.85,19531500.0,22787.85
2024-10-25,22819.8,22839.2,22362.8,22499.05,26167800.0,22499.05
2024-10-28,22548.7,22756.05,22407.0,22649.95,29092800.0,22649.95
2024-10-29,22670.8,22808.8,22450.0,22795.05,23194400.0,22795.05
2024-10-30,22731.15,22896.55,22685.4,22749.8,27854400.0,22749.8
2024-10-31,22758.6,22779.5,22621.1,22689.35,24362900.0,22689.35
2024-11-01,22806.95,22881.5,22799.7,22823.55,6042900.0,22823.55
2024-11-04,22831.8,22832.65,22362.65,22518.3,22594400.0,22518.3
2024-11-05,22458.3,22697.5,22343.95,22679.85,21434200.0,22679.85
2024-11-06,22782.2,23052.2,22720.3,23031.2,21578000.0,23031.2
2024-11-07,23067.15,23073.55,22793.9,22806.25,20350800.0,22806.25
2024-11-08,22821.9,22857.1,22600.25,22645.65,19203600.0,22645.65
2024-11-11,22590.1,22770.55,22478.7,22591.4,20059500.0,22591.4
2024-11-12,22664.2,22721.9,22286.85,22331.05,17128100.0,22331.05
2024-11-13,22263.0,22309.8,21867.7,21914.95,23256700.0,21914.95
2024-11-14,21924.1,22096.85,21907.55,21963.1,19082200.0,21963.1
2024-11-18,22045.9,22049.15,21787.35,21899.4,20564200.0,21899.4
2024-11-19,21977.65,22233.4,21948.45,22004.35,19033700.0,22004.35
2024-11-21,21947.75,21954.2,21692.8,21820.85,26353500.0,21820.85
2024-11-22,21864.65,22260.15,21819.2,22225.55,23049700.0,22225.55
2024-11-25,22578.65,22676.25,22510.8,22553.5,37062000.0,22553.5
2024-11-26,22649.3,22675.7,22523.0,22562.45,32509700.0,22562.45
2024-11-27,22594.2,22732.1,22526.1,22691.7,27765700.0,22691.7
2024-11-28,22722.3,22821.75,22472.25,22514.35,30300900.0,22514.35
2024-11-29,22537.8,22733.75,22531.9,22687.0,24656200.0,22687.0
2024-12-02,22695.4,22843.5,22603.1,22835.85,18255400.0,22835.85
2024-12-03,22922.6,23029.55,22876.8,23020.85,21659200.0,23020.85
2024-12-04,23075.95,23149.9,22978.85,23099.5,26977000.0,23099.5
2024-12-05,23183.3,23357.1,22993.85,23277.95,27902600.0,23277.95
2024-12-06,23315.8,23358.2,23221.7,23312.1,24696700.0,23312.1
2024-12-09,23289.4,23351.9,23243.3,23292.0,22821900.0,23292.0
2024-12-10,23328.8,23341.35,23216.25,23314.9,21731600.0,23314.9
2024-12-11,23326.7,23394.2,23301.15,23358.15,17613100.0,23358.15
2024-12-12,23348.7,23386.25,23242.75,23256.4,19632100.0,23256.4
2024-12-13,23208.35,23378.55,22879.9,23358.95,21518400.0,23358.95
2024-12-16,23370.55,23417.65,23281.2,23352.45,14889800.0,23352.45
2024-12-17,23308.9,23349.1,23067.3,23095.75,19211800.0,23095.75
2024-12-18,23076.95,23125.55,22876.7,22934.4,17807500.0,22934.4
2024-12-19,22594.95,22782.25,22590.0,22752.15,17201400.0,22752.15
2024-12-20,22783.65,22855.0,22279.9,22319.4,25841100.0,22319.4
2024-12-23,22446.6,22535.2,22331.5,22412.3,15840200.0,22412.3
2024-12-24,22431.6,22516.3,22340.1,22402.7,13500400.0,22402.7
2024-12-26,22444.7,22492.3,22324.6,22430.35,14200.0,22430.35
2024-12-27,22473.9,22555.45,22435.55,22445.2,11665400.0,22445.2
2024-12-30,22438.15,22522.4,22266.15,22357.15,30031300.0,22357.15
2024-12-31,22273.7,22414.45,22160.15,22375.4,20703900.0,22375.4
2025-01-01,22375.85,22518.7,22313.75,22481.8,18525200.0,22481.8
2025-01-02,22521.75,22833.35,22482.7,22819.75,18525200.0,22819.75
2025-01-03,22850.1,22867.85,22681.3,22708.15,22010400.0,22708.15
2025-01-06,22753.65,22757.4,22163.55,22225.4,24961500.0,22225.4
2025-01-07,22278.15,22435.5,22247.75,22341.65,19294300.0,22341.65
2025-01-08,22378.15,22384.25,22065.2,22231.8,19023200.0,22231.8
2025-01-09,22231.05,22239.2,22028.5,22046.55,16939500.0,22046.55
2025-01-10,22049.4,22075.4,21738.45,21799.0,19746200.0,21799.0
2025-01-13,21557.0,21630.55,21194.45,21243.45,26118000.0,21243.45
2025-01-14,21328.0,21528.7,21325.0,21481.05,25453100.0,21481.05
2025-01-15,21572.45,21634.6,21445.4,21551.2,30942300.0,21551.2
2025-01-16,21734.4,21776.35,21687.45,21714.55,22356500.0,21714.55
2025-01-17,21699.45,21730.85,21563.8,21680.25,20140800.0,21680.25
2025-01-20,21769.95,21848.95,21628.5,21809.0,35051300.0,21809.0
2025-01-21,21855.1,21863.05,21411.3,21433.2,23319600.0,21433.2
2025-01-22,21484.45,21500.3,21178.8,21396.55,20884100.0,21396.55
2025-01-23,21377.8,21595.0,21338.95,21538.05,18373700.0,21538.05
2025-01-24,21533.05,21611.2,21279.0,21318.9,17534800.0,21318.9
2025-01-27,21158.85,21163.0,20861.15,20910.95,23045500.0,20910.95
2025-01-28,21009.2,21100.45,20757.9,20924.75,24931900.0,20924.75
2025-01-29,20971.4,21259.85,20968.35,21245.5,18562800.0,21245.5
2025-01-30,21282.1,21404.2,21209.6,21297.5,19976300.0,21297.5
2025-01-31,21339.35,21613.0,21310.3,21580.9,22528800.0,21580.9
2025-02-01,21628.65,21713.95,21388.2,21581.75,22552300.0,21581.75
2025-02-03,21422.85,21445.95,21286.7,21402.55,22552300.0,21402.55
2025-02-04,21551.4,21743.55,21474.45,21727.45,21541600.0,21727.45
2025-02-05,21797.7,21870.4,21763.7,21784.25,19686800.0,21784.25
2025-02-06,21860.1,21870.9,21620.15,21672.45,15731100.0,21672.45
2025-02-07,21703.75,21765.15,21521.75,21646.15,21144700.0,21646.15
2025-02-10,21636.2,21659.25,21301.85,21371.3,14732900.0,21371.3
2025-02-11,21366.25,21376.45,20860.6,20950.45,17841200.0,20950.45
2025-02-12,20924.15,21002.0,20545.75,20907.85,25437300.0,20907.85
2025-02-13,20926.0,21122.0,20866.5,20904.35,21300900.0,20904.35
2025-02-14,20964.6,20984.7,20476.65,20633.1,20478700.0,20633.1
2025-02-17,20511.05,20667.55,20339.0,20652.35,20032500.0,20652.35
2025-02-18,20663.6,20692.3,20466.75,20611.4,17246500.0,20611.4
2025-02-19,20511.2,20802.55,20459.2,20731.45,17911800.0,20731.45
2025-02-20,20645.7,20840.35,20630.2,20831.1,16457500.0,20831.1
2025-02-21,20792.05,20903.35,20616.6,20690.25,18388600.0,20690.25
2025-02-24,20510.95,20546.05,20429.3,20468.45,14421900.0,20468.45
2025-02-25,20445.55,20548.9,20388.75,20418.75,14456600.0,20418.75
2025-02-27,20436.5,20471.85,20278.65,20315.55,19186000.0,20315.55
2025-02-28,20185.4,20197.85,19816.0,19880.9,30278900.0,19880.9
2025-03-03,19935.55,19997.05,19658.3,19896.95,23646800.0,19896.95
2025-03-04,19736.05,19957.5,19681.65,19917.85,20948400.0,19917.85
2025-03-05,19901.6,20265.05,19901.6,20256.5,21587800.0,20256.5
2025-03-06,20411.45,20467.15,20262.75,20447.1,20745100.0,20447.1
2025-03-07,20428.15,20549.2,20377.6,20443.4,20185700.0,20443.4
2025-03-10,20434.95,20543.7,20230.65,20266.5,19956800.0,20266.5
2025-03-11,20122.55,20333.75,20073.4,20302.5,20069200.0,20302.5
2025-03-12,20351.9,20397.95,20108.7,20264.35,21523800.0,20264.35
2025-03-13,20337.85,20357.3,20157.5,20176.05,17909600.0,20176.05
2025-03-17,20166.6,20358.25,20166.5,20288.3,16660700.0,20288.3
2025-03-18,20418.55,20676.95,20370.2,20657.2,19459200.0,20657.2
2025-03-19,20713.25,20895.25,20664.0,20864.5,27508900.0,20864.5
2025-03-20,20989.35,21092.2,20873.55,21070.05,23160400.0,21070.05
2025-03-21,21065.25,21297.0,21031.45,21273.9,35583500.0,21273.9
2025-03-24,21427.2,21595.85,21346.8,21538.1,26092800.0,21538.1
2025-03-25,21652.85,21674.05,21385.8,21437.75,24379900.0,21437.75
2025-03-26,21464.95,21525.6,21255.7,21275.45,24408400.0,21275.45
2025-03-27,21218.4,21447.9,21195.7,21407.95,43467600.0,21407.95
2025-03-28,21439.2,21514.1,21277.9,21339.55,27734100.0,21339.55
2025-04-01,21227.1,21398.35,21042.45,21070.75,38874700.0,21070.75
2025-04-02,21101.85,21279.1,21007.15,21265.65,25689200.0,21265.65
2025-04-03,21100.55,21263.45,21096.75,21243.4,24356500.0,21243.4
2025-04-04,21199.2,21212.1,20736.8,20805.35,25372000.0,20805.35
2025-04-07,19524.25,20189.35,19519.85,20105.7,31899200.0,20105.7
2025-04-08,20430.1,20588.4,20227.15,20480.8,24101600.0,20480.8
2025-04-09,20422.95,20423.25,20252.35,20356.75,20686300.0,20356.75
2025-04-11,20684.85,20817.5,20629.0,20752.85,22159500.0,20752.85
2025-04-15,21199.05,21302.75,21067.6,21279.4,23092700.0,21279.4
2025-04-16,21302.75,21414.85,21246.4,21404.35,23069300.0,21404.35
2025-04-17,21379.35,21704.1,21296.35,21681.55,24530900.0,21681.55
2025-04-21,21787.05,22033.75,21732.45,22005.75,33200.0,22005.75
2025-04-22,22072.0,22157.95,21953.4,22085.15,28400500.0,22085.15
2025-04-23,22238.6,22263.85,21988.35,22237.6,26262000.0,22237.6
2025-04-24,22217.65,22270.15,22155.4,22180.65,24349800.0,22180.65
2025-04-25,22220.3,22271.85,21661.6,21848.15,40982400.0,21848.15
2025-04-28,21843.45,22125.45,21841.4,22101.85,20254000.0,22101.85
2025-04-29,22160.75,22255.9,22084.55,22112.4,21891800.0,22112.4
2025-04-30,22119.2,22175.0,21920.55,22030.05,21908500.0,22030.05
2025-05-02,22009.95,22238.9,21920.85,22006.0,21060500.0,22006.0
2025-05-05,22086.25,22209.95,22070.95,22195.15,18176200.0,22195.15
2025-05-06,22235.6,22244.5,21916.9,21956.6,23813700.0,21956.6
2025-05-07,21756.8,22084.7,21752.9,22072.45,23862400.0,22072.45
2025-05-08,22109.35,22145.2,21730.55,21843.05,24556600.0,21843.05
2025-05-09,21463.75,21716.05,21463.75,21675.55,28601400.0,21675.55
2025-05-12,22149.4,22525.0,22126.4,22511.4,29453500.0,22511.4
2025-05-13,22491.5,22575.7,22317.5,22349.4,25880300.0,22349.4
2025-05-14,22402.65,22544.9,22366.4,22499.5,25396000.0,22499.5
2025-05-15,22547.05,22814.1,22408.65,22788.8,28758400.0,22788.8
2025-05-16,22825.55,22885.35,22750.35,22870.9,32136800.0,22870.9
2025-05-19,22896.25,22965.05,22827.65,22865.8,38611100.0,22865.8
2025-05-20,22942.65,22958.6,22565.55,22585.6,28729600.0,22585.6
2025-05-21,22632.4,22811.95,22577.4,22730.65,24227900.0,22730.65
2025-05-22,22674.0,22675.35,22464.45,22595.0,24519900.0,22595.0
2025-05-23,22628.75,22813.25,22580.8,22781.05,25499400.0,22781.05
2025-05-26,22852.7,22970.7,22845.4,22908.3,24898200.0,22908.3
2025-05-27,22895.05,22963.1,22721.8,22816.5,24659100.0,22816.5
2025-05-28,22843.25,22871.2,22765.7,22779.4,32991400.0,22779.4
2025-05-29,22859.45,22899.15,22750.15,22861.35,26181000.0,22861.35
2025-05-30,22868.25,22912.3,22759.15,22801.95,52128200.0,22801.95
2025-06-02,22758.6,22863.35,22664.15,22834.5,38899400.0,22834.5
2025-06-03,22906.2,22946.15,22691.25,22711.3,45435500.0,22711.3
2025-06-04,22742.2,22823.95,22667.9,22807.85,31514700.0,22807.85
2025-06-05,22879.2,23026.3,22828.85,22934.5,25523800.0,22934.5
2025-06-06,22962.0,23180.35,22891.6,23165.1,29178900.0,23165.1
2025-06-09,23308.65,23335.35,23254.55,23330.55,31805600.0,23330.55
2025-06-10,23422.3,23423.8,23287.35,23339.95,30820100.0,23339.95
2025-06-11,23376.6,23423.6,23271.4,23337.85,35796300.0,23337.85
2025-06-12,23363.5,23370.3,23009.65,23046.45,25762100.0,23046.45
2025-06-13,22631.7,22932.25,22631.7,22906.2,25533300.0,22906.2
2025-06-16,22914.85,23106.7,22789.4,23095.05,23518500.0,23095.05
2025-06-17,23126.8,23128.5,22959.15,22981.5,29479900.0,22981.5
2025-06-18,22937.75,23066.85,22868.35,22925.2,19507700.0,22925.2
2025-06-19,22921.6,22973.15,22712.55,22763.5,23853000.0,22763.5
2025-06-20,22760.65,23064.7,22760.6,23041.1,32449300.0,23041.1
2025-06-23,22880.35,23063.35,22837.8,23001.5,20840000.0,23001.5
2025-06-24,23212.3,23307.95,23074.25,23113.2,31040600.0,23113.2
2025-06-25,23216.15,23303.65,23190.85,23296.85,30406900.0,23296.85
2025-06-26,23341.2,23529.65,23319.85,23517.55,29163000.0,23517.55
2025-06-27,23566.7,23644.35,23538.55,23620.15,34232800.0,23620.15
2025-06-30,23672.35,23677.55,23563.0,23617.2,24613500.0,23617.2
2025-07-01,23659.75,23669.95,23558.9,23615.45,25642800.0,23615.45
2025-07-02,23653.05,23669.3,23463.85,23547.25,26194600.0,23547.25
2025-07-03,23591.8,23647.1,23503.55,23521.85,23572100.0,23521.85
2025-07-04,23553.45,23570.9,23448.9,23562.45,18787000.0,23562.45
2025-07-07,23561.6,23595.3,23506.5,23551.2,24223800.0,23551.2
2025-07-08,23540.6,23600.35,23469.95,23572.55,29300500.0,23572.55
2025-07-09,23576.45,23613.9,23513.85,23557.45,23483000.0,23557.45
2025-07-10,23595.85,23605.5,23444.95,23471.4,20223100.0,23471.4
2025-07-11,23408.8,23462.35,23256.3,23282.7,22318700.0,23282.7
2025-07-14,23290.15,23329.2,23200.1,23309.05,39977700.0,23309.05
2025-07-15,23334.55,23469.45,23332.8,23449.15,27090700.0,23449.15
2025-07-16,23458.9,23502.9,23403.5,23472.5,28588900.0,23472.5
2025-07-17,23507.65,23514.7,23409.05,23419.7,21951000.0,23419.7
2025-07-18,23430.0,23449.45,23240.85,23275.15,19710600.0,23275.15
2025-07-21,23296.75,23394.5,23184.9,23378.45,17595400.0,23378.45
2025-07-22,23449.75,23456.0,23306.4,23320.9,20318100.0,23320.9
2025-07-23,23382.4,23435.55,23296.0,23428.4,19959600.0,23428.4
2025-07-24,23447.35,23449.4,23257.6,23301.1,19690700.0,23301.1
2025-07-25,23255.25,23255.25,22993.0,23014.8,21958300.0,23014.8
2025-07-28,22967.4,23094.85,22818.15,22846.95,20263600.0,22846.95
2025-07-29,22793.0,23024.15,22777.7,23007.35,17358000.0,23007.35
2025-07-30,23064.25,23070.35,22959.45,23033.55,16971600.0,23033.55
2025-07-31,22804.2,23071.25,22802.15,22914.95,22141000.0,22914.95
2025-08-01,22901.6,22917.85,22646.75,22673.65,22209200.0,22673.65
2025-08-04,22699.7,22871.6,22648.6,22860.4,18958000.0,22860.4
2025-08-05,22869.5,22878.1,22736.05,22798.5,17350900.0,22798.5
2025-08-06,22807.55,22818.2,22622.35,22666.85,15763400.0,22666.85
2025-08-07,22563.4,22726.9,22425.85,22694.1,20517000.0,22694.1
2025-08-08,22680.9,22690.35,22419.7,22443.15,17064600.0,22443.15
2025-08-11,22447.55,22650.1,22406.0,22633.45,15385700.0,22633.45
2025-08-12,22633.65,22730.25,22554.3,22568.6,15129600.0,22568.6
2025-08-13,22655.15,22733.8,22624.45,22698.1,20941400.0,22698.1
2025-08-14,22713.65,22754.15,22646.7,22680.25,20569500.0,22680.25
2025-08-18,22958.3,23040.85,22913.05,22931.5,23896800.0,22931.5
2025-08-19,22959.5,23077.1,22908.15,23066.6,23250400.0,23066.6
2025-08-20,23067.7,23171.15,23025.85,23143.15,29253300.0,23143.15
2025-08-21,23221.75,23230.95,23126.75,23137.15,23429200.0,23137.15
2025-08-22,23133.85,23144.55,22980.85,22991.3,32235300.0,22991.3
2025-08-25,23069.3,23106.9,23022.1,23052.0,27455000.0,23052.0
2025-08-26,22994.85,23013.05,22746.75,22768.65,44479200.0,22768.65
2025-08-28,22762.25,22762.25,22529.6,22541.65,29189400.0,22541.65
2025-08-29,22524.15,22624.7,22443.8,22462.95,28764200.0,22462.95
2025-09-01,22491.9,22720.55,22491.9,22713.55,27115300.0,22713.55
2025-09-02,22758.2,22858.2,22678.45,22724.4,27193100.0,22724.4
2025-09-03,22764.0,22877.35,22709.2,22864.65,30994300.0,22864.65
2025-09-04,23116.9,23116.9,22795.0,22819.65,30118100.0,22819.65
2025-09-05,22891.75,22916.0,22718.5,22829.15,34473200.0,22829.15
2025-09-08,22892.8,22974.85,22835.9,22878.65,22996300.0,22878.65
2025-09-09,22949.55,22964.05,22893.05,22949.1,20109300.0,22949.1
2025-09-10,23056.8,23121.75,23027.05,23074.15,23676100.0,23074.15
2025-09-11,23073.45,23128.55,23065.7,23102.65,21459700.0,23102.65
2025-09-12,23171.55,23210.4,23129.9,23190.25,25960500.0,23190.25
2025-09-15,23213.15,23249.2,23182.05,23215.85,33099500.0,23215.85
2025-09-16,23240.25,23386.65,23217.3,23369.3,23720000.0,23369.3
2025-09-17,23419.1,23464.4,23395.75,23445.2,22655400.0,23445.2
2025-09-18,23534.15,23538.9,23434.45,23518.9,21229100.0,23518.9
2025-09-19,23530.6,23541.3,23451.6,23486.65,49270900.0,23486.65
2025-09-22,23434.75,23523.55,23335.1,23381.45,26249700.0,23381.45
2025-09-23,23408.2,23434.3,23253.1,23325.25,29750900.0,23325.25
2025-09-24,23293.4,23317.2,23165.95,23178.25,22385600.0,23178.25
2025-09-25,23169.45,23235.55,23009.55,23022.4,23143600.0,23022.4
2025-09-26,22965.9,22994.15,22692.7,22713.15,30633900.0,22713.15
2025-09-29,22783.9,22865.1,22677.0,22739.1,27084600.0,22739.1
2025-09-30,22793.65,22829.2,22669.3,22734.1,21800300.0,22734.1
2025-10-01,22745.95,22943.2,22726.25,22928.3,23002400.0,22928.3
2025-10-03,22905.1,23037.5,22874.15,23027.7,24935400.0,23027.7
2025-10-06,23055.15,23177.25,23008.3,23169.65,26990400.0,23169.65
2025-10-07,23191.35,23275.1,23170.85,23209.5,29565400.0,23209.5
2025-10-08,23197.95,23265.2,23087.9,23109.35,25463900.0,23109.35
2025-10-09,23144.3,23251.65,23101.85,23241.75,21819900.0,23241.75
2025-10-10,23247.45,23374.25,23220.05,23337.55,28175300.0,23337.55
2025-10-13,23245.05,23315.65,23201.55,23294.8,26231000.0,23294.8
2025-10-14,23349.75,23374.0,23121.5,23184.05,23464300.0,23184.05
2025-10-15,23227.55,23400.95,23224.15,23377.35,23139300.0,23377.35
2025-10-16,23443.3,23592.85,23428.15,23563.8,22457600.0,23563.8
2025-10-17,23547.0,23679.05,23515.85,23598.05,24249000.0,23598.05
2025-10-20,23699.35,23766.55,23654.75,23716.1,23663900.0,23716.1
2025-10-21,23791.9,23818.35,23723.4,23759.2,5545000.0,23759.2
2025-10-23,23899.75,23926.1,23727.6,23755.9,33809000.0,23755.9
2025-10-24,23796.2,23802.75,23622.8,23686.6,23861200.0,23686.6
2025-10-27,23742.7,23856.3,23723.4,23840.9,47146700.0,23840.9
2025-10-28,23844.75,23907.55,23717.05,23812.55,33996800.0,23812.55
2025-10-29,23851.55,23971.55,23821.3,23952.4,30359000.0,23952.4
2025-10-30,23933.65,23949.75,23804.45,23841.3,47770900.0,23841.3
2025-10-31,23847.6,23913.45,23698.05,23710.4,32133500.0,23710.4
2025-11-03,23711.95,23840.1,23695.15,23810.7,3860300.0,23810.7
2025-11-04,23811.3,23829.7,23660.2,23675.45,31284700.0,23675.45
2025-11-06,23683.35,23713.4,23501.05,23513.15,26246000.0,23513.15
2025-11-07,23441.05,23570.1,23291.2,23521.5,28762600.0,23521.5
2025-11-10,23545.35,23658.85,23542.1,23596.9,20824200.0,23596.9
2025-11-11,23634.65,23693.8,23476.3,23682.65,36093900.0,23682.65
2025-11-12,23796.95,23874.85,23766.2,23836.9,27828600.0,23836.9
2025-11-13,23867.65,23935.1,23793.65,23816.0,30243400.0,23816.0
2025-11-14,23751.25,23858.3,23717.0,23836.35,39640500.0,23836.35
2025-11-17,23889.55,23964.75,23863.55,23954.55,26483000.0,23954.55
2025-11-18,23970.45,23973.05,23800.95,23824.65,21125900.0,23824.65
2025-11-19,23832.55,23924.3,23766.6,23906.3,25934900.0,23906.3
2025-11-20,23984.4,24032.1,23918.8,23975.45,29557000.0,23975.45
2025-11-21,23917.5,23938.3,23776.3,23790.25,22985900.0,23790.25
2025-11-24,23827.25,23835.2,23642.55,23674.55,29594500.0,23674.55
2025-11-25,23700.55,23745.5,23635.8,23655.05,20539800.0,23655.05
2025-11-26,23654.75,23965.35,23654.75,23955.2,18996600.0,23955.2
2025-11-27,24011.9,24026.25,23879.6,23947.75,19974200.0,23947.75
2025-11-28,23968.8,23979.7,23907.75,23933.2,19209800.0,23933.2
2025-12-01,24034.95,24035.0,23871.75,23922.45,21160800.0,23922.45
2025-12-02,23870.6,23925.85,23782.75,23822.25,27952000.0,23822.25
2025-12-03,23813.45,23845.8,23641.75,23716.3,28046000.0,23716.3
2025-12-04,23718.1,23820.45,23680.25,23741.1,26417400.0,23741.1
2025-12-05,23720.7,23848.45,23672.35,23835.25,23079200.0,23835.25
2025-12-08,23821.75,23833.15,23460.7,23526.2,24509100.0,23526.2
2025-12-09,23447.05,23556.35,23259.7,23516.25,26228000.0,23516.25
2025-12-10,23540.15,23628.3,23386.8,23408.8,19928500.0,23408.8
2025-12-11,23421.9,23562.15,23344.25,23550.85,24370000.0,23550.85
2025-12-12,23620.35,23737.7,23613.0,23726.2,26020800.0,23726.2
2025-12-15,23654.0,23735.7,23591.3,23725.2,24287600.0,23725.2
2025-12-16,23676.8,23687.35,23542.55,23570.15,20919100.0,23570.15
2025-12-17,23597.6,23635.05,23449.5,23496.05,20646900.0,23496.05
2025-12-18,23469.8,23553.25,23363.5,23491.5,23446500.0,23491.5
2025-12-19,23562.65,23688.35,23548.95,23677.55,31695900.0,23677.55
2025-12-22,23760.95,23878.65,23743.25,23867.65,25155300.0,23867.65
2025-12-23,23906.1,23929.25,23825.15,23895.15,26039700.0,23895.15
2025-12-24,23903.1,23956.8,23836.55,23850.25,19661100.0,23850.25
2025-12-26,23841.95,23885.35,23752.55,23780.25,22264400.0,23780.25
2025-12-29,23804.4,23826.75,23660.3,23682.1,24245800.0,23682.1
2025-12-30,23675.3,23704.2,23599.9,23668.8,33582300.0,23668.8
2025-12-31,23710.45,23921.45,23709.55,23871.55,52722700.0,23871.55
2026-01-01,23914.65,23925.55,23835.55,23909.55,37097600.0,23909.55
2026-01-02,23935.95,24107.7,23921.45,24099.0,37097600.0,24099.0
2026-01-05,24123.1,24144.2,23999.15,24058.45,31394300.0,24058.45
2026-01-06,24042.9,24089.75,23941.4,24010.5,26802900.0,24010.5
2026-01-07,23995.85,24050.55,23942.25,24016.6,22658700.0,24016.6
2026-01-08,23996.2,24010.45,23657.35,23680.1,27493200.0,23680.1
2026-01-09,23646.75,23741.75,23407.7,23467.35,44599100.0,23467.35
2026-01-12,23459.4,23533.45,23199.5,23510.45,31293100.0,23510.45
2026-01-13,23603.45,23627.05,23336.05,23480.65,27943100.0,23480.65
2026-01-14,23422.1,23558.7,23399.9,23475.85,27359900.0,23475.85
2026-01-16,23502.85,23652.7,23455.5,23485.3,29366800.0,23485.3
2026-01-19,23443.3,23443.35,23324.85,23373.75,27220400.0,23373.75
2026-01-20,23365.65,23368.15,22888.65,22946.65,30410100.0,22946.65
2026-01-21,22864.5,22981.8,22586.8,22835.15,35043900.0,22835.15
2026-01-22,23013.45,23144.55,22888.5,23008.75,24924100.0,23008.75
2026-01-23,23072.3,23073.35,22679.7,22706.2,24687600.0,22706.2
2026-01-27,22752.7,22886.95,22562.95,22819.25,29981800.0,22819.25
2026-01-28,22899.6,23101.75,22884.5,23082.1,29783700.0,23082.1
2026-01-29,23107.5,23158.6,22922.6,23134.8,34203300.0,23134.8
2026-01-30,22994.3,23110.2,22916.0,23079.5,41570300.0,23079.5
2026-02-01,23067.5,23160.1,22337.3,22611.3,27016400.0,22611.3
2026-02-02,22595.45,22869.7,22408.5,22837.0,27016400.0,22837.0
2026-02-03,23870.2,23912.35,23355.5,23446.3,38335700.0,23446.3
2026-02-04,23414.1,23562.7,23284.45,23534.95,28918200.0,23534.95
2026-02-05,23509.75,23509.95,23337.35,23411.7,25100.0,23411.7
2026-02-06,23366.5,23447.0,23211.4,23434.0,22813300.0,23434.0
2026-02-09,23600.85,23693.05,23535.4,23683.4,27270100.0,23683.4
2026-02-10,23752.6,23796.4,23691.5,23753.75,23665500.0,23753.75
2026-02-11,23808.1,23811.15,23707.15,23783.05,26368100.0,23783.05
2026-02-12,23753.8,23753.8,23589.05,23651.55,22693700.0,23651.55
2026-02-13,23448.7,23464.05,23285.0,23313.15,22274400.0,23313.15
2026-02-16,23248.55,23487.35,23190.2,23472.45,18203700.0,23472.45
2026-02-17,23445.3,23563.25,23394.8,23540.05,19871600.0,23540.05
2026-02-18,23571.5,23657.75,23490.35,23645.8,19114900.0,23645.8
2026-02-19,23691.6,23697.9,23235.35,23297.45,18237200.0,23297.45
2026-02-20,23252.75,23467.4,23221.15,23395.0,17831500.0,23395.0
2026-02-23,23493.3,23566.85,23394.25,23484.95,25462500.0,23484.95
2026-02-24,23418.1,23418.1,23168.05,23304.6,25350000.0,23304.6
2026-02-25,23388.45,23500.1,23325.9,23403.8,22679300.0,23403.8
2026-02-26,23462.05,23502.95,23340.75,23448.5,25536400.0,23448.5
2026-02-27,23423.95,23433.55,23136.75,23166.85,36885800.0,23166.85
2026-03-02,22547.0,22992.35,22539.65,22835.95,28882800.0,22835.95
2026-03-04,22438.0,22517.4,22283.15,22409.8,32291200.0,22409.8
2026-03-05,22536.75,22760.85,22468.2,22697.8,27067700.0,22697.8
2026-03-06,22621.55,22701.6,22456.45,22481.3,23202000.0,22481.3
2026-03-09,21995.15,22090.7,21743.15,22056.55,25569200.0,22056.55
2026-03-10,22310.8,22385.65,22141.85,22342.95,23891700.0,22342.95
2026-03-11,22351.85,22440.9,22009.3,22042.3,23611300.0,22042.3
2026-03-12,21888.4,22059.6,21703.9,21897.5,30265000.0,21897.5
2026-03-13,21763.25,21780.75,21351.1,21391.2,31139800.0,21391.2
2026-03-16,21355.95,21593.25,21110.0,21498.8,32174500.0,21498.8
2026-03-17,21585.05,21729.65,21446.15,21669.3,25153300.0,21669.3
2026-03-18,21721.45,21990.4,21713.4,21917.4,28957100.0,21917.4
2026-03-19,21466.4,21562.8,21156.2,21225.8,32926600.0,21225.8
2026-03-20,21349.95,21558.0,21294.85,21327.9,37005100.0,21327.9
2026-03-23,21079.6,21090.05,20611.8,20664.25,31363300.0,20664.25
2026-03-24,21045.45,21183.15,20743.9,21067.0,28289000.0,21067.0
2026-03-25,21236.25,21612.45,21236.05,21478.2,29251000.0,21478.2
2026-03-27,21357.35,21364.35,21007.15,21020.15,35750200.0,21020.15
2026-03-30,20762.35,20889.25,20490.45,20528.05,34842000.0,20528.05
2026-04-01,21067.15,21153.25,20867.4,20935.15,33012900.0,20935.15
2026-04-02,20666.7,20990.05,20385.65,20938.35,34322000.0,20938.35
2026-04-06,20990.85,21217.95,20789.45,21194.05,32241800.0,21194.05
2026-04-07,21085.3,21313.1,20959.35,21296.45,25888100.0,21296.45
2026-04-08,21998.6,22159.5,21952.4,22137.1,39922000.0,22137.1
2026-04-09,22090.7,22189.5,21943.2,22037.5,37071300.0,22037.5
2026-04-10,22151.05,22364.3,22133.15,22346.75,38754300.0,22346.75
2026-04-13,21906.15,22244.9,21816.35,22179.05,33694300.0,22179.05
2026-04-15,22506.95,22621.9,22496.75,22595.55,37059700.0,22595.55
2026-04-16,22757.05,22792.25,22529.65,22656.3,38280500.0,22656.3
2026-04-17,22660.55,22882.15,22605.15,22869.4,40384600.0,22869.4
2026-04-20,22906.65,22987.6,22717.55,22865.8,32840100.0,22865.8
2026-04-21,22898.95,23064.35,22893.6,23042.35,31497000.0,23042.35
2026-04-22,22975.85,23054.5,22923.55,22991.5,32724400.0,22991.5
2026-04-23,22873.15,22957.6,22788.6,22810.85,29661600.0,22810.85
2026-04-24,22788.8,22872.05,22472.5,22570.05,27321800.0,22570.05
2026-04-27,22645.85,22853.85,22640.85,22821.4,28500400.0,22821.4
2026-04-28,22808.15,22904.0,22733.9,22765.6,32052600.0,22765.6
2026-04-29,22875.3,23026.95,22825.15,22871.0,33747800.0,22871.0
2026-04-30,22736.8,22759.0,22498.0,22683.55,31107300.0,22683.55
2026-05-04,22783.8,22954.3,22709.75,22830.75,38703400.0,22830.75
2026-05-05,22796.65,22842.25,22672.8,22808.25,33371800.0,22808.25
2026-05-06,22978.95,23150.9,22849.95,23133.4,38546000.0,23133.4
2026-05-07,23219.35,23304.5,23142.45,23214.0,32662600.0,23214.0
2026-05-08,23166.05,23185.65,23080.3,23115.65,29600300.0,23115.65
2026-05-11,22957.4,22962.15,22777.45,22795.75,43426100.0,22795.75
2026-05-12,22728.7,22768.1,22270.95,22299.9,37543300.0,22299.9
2026-05-13,22292.15,22532.0,22208.5,22377.35,40634400.0,22377.35
2026-05-14,22505.0,22675.8,22338.65,22613.1,34058900.0,22613.1
2026-05-15,22664.4,22710.85,22502.6,22531.15,40428700.0,22531.15
2026-05-18,22382.0,22494.1,22150.5,22461.05,34307100.0,22461.05
2026-05-19,22501.15,22646.65,22485.45,22521.75,36129400.0,22521.75
2026-05-20,22379.85,22597.65,22316.45,22578.15,28717500.0,22578.15
2026-05-21,22745.9,22781.0,22557.0,22602.85,33852100.0,22602.85
2026-05-22,22639.7,22727.9,22604.8,22651.3,28726600.0,22651.3
2026-05-25,22859.5,22949.95,22849.1,22929.45,30168200.0,22929.45
2026-05-26,22925.65,23015.0,22858.2,22897.2,31807400.0,22897.2
2026-05-27,22895.75,22999.45,22886.45,22967.4,45794100.0,22967.4
2026-05-29,23012.8,23075.25,22598.45,22657.0,67184500.0,22657.0
2026-06-01,22760.8,22810.2,22414.8,22437.95,37130800.0,22437.95
2026-06-02,22302.05,22563.25,22253.0,22521.1,36094400.0,22521.1
2026-06-03,22488.15,22505.0,22202.6,22451.85,41039400.0,22451.85
2026-06-04,22362.4,22559.85,22328.35,22497.7,36481000.0,22497.7
2026-06-05,22569.45,22614.65,22379.05,22465.35,34527400.0,22465.35
2026-06-08,22191.55,22357.7,22119.3,22173.7,28846200.0,22173.7
2026-06-09,22298.85,22390.5,22233.45,22370.15,36288100.0,22370.15
2026-06-10,22377.0,22455.9,22200.35,22233.85,30804200.0,22233.85
2026-06-11,22128.55,22258.9,22063.75,22114.45,31438200.0,22114.45
2026-06-12,22376.45,22618.7,22295.15,22599.8,35312200.0,22599.8
2026-06-15,22955.8,23019.45,22859.65,22891.3,34302100.0,22891.3
2026-06-16,22962.45,23009.4,22902.35,22997.25,32580100.0,22997.25
2026-06-17,23048.7,23120.9,22990.95,23109.7,39479300.0,23109.7
2026-06-18,23129.9,23221.35,23090.35,23206.45,34469400.0,23206.45
2026-06-19,23082.7,23174.65,23023.35,23144.2,36475300.0,23144.2
2026-06-22,23240.9,23289.75,23213.85,23261.85,26271000.0,23261.85
2026-06-23,23260.0,23302.25,22976.95,23010.95,29724100.0,23010.95
2026-06-24,22992.9,23183.6,22941.05,23126.3,28409100.0,23126.3
2026-06-25,23224.4,23289.95,23093.9,23113.7,27570900.0,23113.7
2026-06-29,23112.6,23148.75,22943.85,23000.0,42080500.0,23000.0
2026-06-30,23074.15,23088.95,22932.05,22995.65,31935800.0,22995.65
2026-07-01,23038.65,23144.1,23032.95,23111.65,30769700.0,23111.65
2026-07-02,23182.05,23276.2,23170.75,23264.8,24569900.0,23264.8
2026-07-03,23416.65,23416.65,23284.3,23301.15,23620300.0,23301.15
2026-07-06,23342.5,23447.3,23319.65,23433.95,20527500.0,23433.95
2026-07-07,23472.4,23485.35,23332.9,23368.85,24296900.0,23368.85
2026-07-08,23239.65,23307.0,22822.8,22908.05,27164800.0,22908.05
2026-07-09,22958.35,23175.25,22956.4,23081.15,20333600.0,23081.15
2026-07-10,23239.7,23358.35,23234.45,23348.4,23139200.0,23348.4
2026-07-13,23194.8,23379.35,23135.3,23347.05,21670700.0,23347.05
2026-07-14,23235.25,23287.45,23167.85,23199.45,21421900.0,23199.45
2026-07-15,23250.85,23368.9,23203.95,23263.9,23420200.0,23263.9
2026-07-16,23332.8,23348.2,23212.9,23232.65,22983200.0,23232.65
2026-07-17,23272.3,23357.9,23235.05,23336.3,22198800.0,23336.3
2026-07-20,23244.3,23363.3,23219.45,23338.05,21762500.0,23338.05
2026-07-21,23340.7,23383.1,23286.15,23352.15,21329800.0,23352.15
2026-07-22,23334.3,23335.6,23118.05,23145.05,22855200.0,23145.05
2026-07-23,23069.1,23148.9,22937.75,22982.4,20693000.0,22982.4
2026-07-24,22805.55,22956.95,22713.5,22913.3,19268400.0,22913.3
2026-07-27,23070.6,23160.6,23061.35,23153.1,20456100.0,23153.1
2026-07-28,23146.65,23172.1,23087.1,23114.9,23466600.0,23114.9
2026-07-29,23261.05,23377.8,23233.4,23352.6,26344200.0,23352.6
2026-07-30,23347.2,23384.65,23274.15,23353.55,22539900.0,23353.55
2026-07-31,23409.85,23506.55,23375.55,23460.7,25708900.0,23460.7
2026-08-03,23619.15,23803.75,23578.55,23802.85,24262300.0,23802.85
2026-08-04,23771.45,23771.45,23573.6,23690.15,20581300.0,23690.15
2026-08-05,23779.35,23782.7,23643.3,23735.55,22699900.0,23735.55
2026-08-06,23756.15,23783.85,23708.55,23729.45,19628000.0,23729.45
2026-08-07,23665.6,23754.5,23657.1,23712.1,18415000.0,23712.1
2026-08-10,23732.75,23777.4,23667.4,23743.2,20329600.0,23743.2
2026-08-11,23755.4,23756.05,23638.55,23681.15,22201700.0,23681.15
2026-08-12,23689.55,23690.05,23526.2,23672.45,25692500.0,23672.45
2026-08-13,23678.7,23678.7,23585.6,23658.1,19969600.0,23658.1
2026-08-14,23635.65,23638.3,23564.3,23594.9,22878000.0,23594.9
2026-08-17,23581.75,23617.3,23488.45,23564.45,18372000.0,23564.45
2026-08-18,23521.85,23555.3,23470.9,23472.4,22760300.0,23472.4
2026-08-19,23475.35,23488.25,23348.3,23386.2,17992000.0,23386.2
2026-08-20,23519.8,23565.9,23491.6,23512.95,17210300.0,23512.95
2026-08-21,23554.15,23554.15,23477.0,23530.3,16957200.0,23530.3
2026-08-24,23560.6,23587.85,23454.1,23511.75,19575700.0,23511.75
2026-08-25,23483.95,23613.9,23423.35,23611.6,32103200.0,23611.6
2026-08-26,23641.35,23684.1,23557.95,23559.2,24534900.0,23559.2
2026-08-27,23615.65,23642.85,23480.15,23482.0,20716300.0,23482.0
2026-08-28,23513.05,23552.3,23451.1,23528.55,34928600.0,23528.55
2026-08-31,23477.75,23485.15,23307.2,23450.35,34928600.0,23450.35
