Index Name,Date,Open,High,Low,Close
NIFTY 500,01-09-2021,14611.65,14640.6,14527.05,14551.35
NIFTY 500,02-09-2021,14571.3,14692.0,14548.5,14684.35
NIFTY 500,03-09-2021,14724.7,14770.85,14682.2,14759.3
NIFTY 500,06-09-2021,14827.05,14843.4,14783.45,14805.85
NIFTY 500,07-09-2021,14834.95,14852.25,14713.55,14784.25
NIFTY 500,08-09-2021,14802.85,14825.1,14716.65,14803.6
NIFTY 500,09-09-2021,14780.6,14844.4,14774.15,14836.45
NIFTY 500,13-09-2021,14839.8,14865.75,14769.1,14852.2
NIFTY 500,14-09-2021,14917.05,14935.55,14881.55,14904.35
NIFTY 500,15-09-2021,14927.95,15028.65,14921.1,15020.55
NIFTY 500,16-09-2021,15050.85,15115.35,15012.25,15104.9
NIFTY 500,17-09-2021,15169.9,15207.7,14979.35,15027.25
NIFTY 500,20-09-2021,14907.5,15047.65,14800.85,14826.75
NIFTY 500,21-09-2021,14856.85,14959.45,14734.7,14946.3
NIFTY 500,22-09-2021,14977.3,15030.85,14950.35,14990.55
NIFTY 500,23-09-2021,15097.1,15219.35,15085.55,15205.45
NIFTY 500,24-09-2021,15274.1,15305.2,15160.45,15191.95
NIFTY 500,27-09-2021,15261.35,15262.65,15139.6,15189.05
NIFTY 500,28-09-2021,15235.1,15239.65,14967.05,15095.6
NIFTY 500,29-09-2021,15023.3,15141.05,14985.4,15086.95
NIFTY 500,30-09-2021,15109.7,15137.55,15026.95,15052.65
NIFTY 500,01-10-2021,14994.8,15031.55,14932.75,15013.95
NIFTY 500,04-10-2021,15094.4,15195.2,15075.25,15181.15
NIFTY 500,05-10-2021,15171.25,15287.7,15150.5,15280.1
NIFTY 500,06-10-2021,15328.95,15349.2,15109.1,15134.55
NIFTY 500,07-10-2021,15274.65,15335.95,15251.0,15290.15
NIFTY 500,08-10-2021,15375.3,15402.7,15317.4,15365.2
NIFTY 500,11-10-2021,15374.5,15497.8,15356.55,15428.0
NIFTY 500,12-10-2021,15426.6,15493.25,15371.8,15481.9
NIFTY 500,13-10-2021,15573.6,15660.2,15546.85,15631.4
NIFTY 500,14-10-2021,15733.3,15781.0,15710.1,15769.25
NIFTY 500,18-10-2021,15924.1,15949.2,15871.4,15886.15
NIFTY 500,19-10-2021,16003.95,16004.45,15716.7,15757.85
NIFTY 500,20-10-2021,15768.0,15776.35,15497.0,15568.65
NIFTY 500,21-10-2021,15666.6,15667.0,15373.45,15487.65
NIFTY 500,22-10-2021,15537.05,15600.45,15328.9,15399.7
NIFTY 500,25-10-2021,15492.0,15498.4,15181.6,15334.35
NIFTY 500,26-10-2021,15360.35,15528.9,15356.5,15499.65
NIFTY 500,27-10-2021,15541.75,15583.2,15454.1,15484.35
NIFTY 500,28-10-2021,15475.4,15475.45,15148.2,15190.85
NIFTY 500,29-10-2021,15163.5,15266.4,14961.5,15086.9
NIFTY 500,01-11-2021,15179.4,15318.15,15111.3,15302.7
NIFTY 500,02-11-2021,15344.35,15373.7,15278.7,15314.65
NIFTY 500,03-11-2021,15367.7,15397.3,15212.15,15282.75
NIFTY 500,04-11-2021,15380.95,15396.85,15363.35,15376.9
NIFTY 500,08-11-2021,15474.25,15535.05,15313.2,15520.15
NIFTY 500,09-11-2021,15542.05,15579.5,15487.7,15541.95
NIFTY 500,10-11-2021,15492.05,15562.45,15458.5,15521.1
NIFTY 500,11-11-2021,15497.25,15499.9,15351.2,15411.1
NIFTY 500,12-11-2021,15504.35,15591.45,15429.6,15579.0
NIFTY 500,15-11-2021,15625.75,15664.45,15558.05,15592.6
NIFTY 500,16-11-2021,15613.1,15626.65,15492.6,15525.4
NIFTY 500,17-11-2021,15487.15,15560.75,15436.95,15454.95
NIFTY 500,18-11-2021,15461.5,15502.6,15239.8,15302.55
NIFTY 500,22-11-2021,15333.9,15339.65,14846.7,14976.7
NIFTY 500,23-11-2021,14876.0,15137.15,14820.4,15107.8
NIFTY 500,24-11-2021,15159.95,15199.2,14997.3,15046.5
NIFTY 500,25-11-2021,15057.6,15166.65,14984.7,15150.6
NIFTY 500,26-11-2021,14990.85,15012.1,14674.75,14707.2
NIFTY 500,29-11-2021,14683.05,14749.5,14402.1,14656.45
NIFTY 500,30-11-2021,14662.05,14912.75,14608.6,14648.35
NIFTY 500,01-12-2021,14743.7,14822.5,14694.3,14784.7
NIFTY 500,02-12-2021,14808.8,14990.3,14786.65,14973.95
NIFTY 500,03-12-2021,15002.65,15054.95,14845.25,14856.3
NIFTY 500,06-12-2021,14876.25,14882.15,14599.35,14618.35
NIFTY 500,07-12-2021,14733.25,14881.75,14683.25,14834.5
NIFTY 500,08-12-2021,14945.3,15084.5,14941.3,15073.25
NIFTY 500,09-12-2021,15126.55,15141.0,15023.2,15126.6
NIFTY 500,10-12-2021,15103.65,15168.8,15069.8,15155.0
NIFTY 500,13-12-2021,15258.1,15280.0,15052.9,15064.25
NIFTY 500,14-12-2021,15005.5,15072.0,14947.95,15043.25
NIFTY 500,15-12-2021,15050.1,15075.7,14936.6,14953.1
NIFTY 500,16-12-2021,15072.95,15078.85,14891.6,14936.45
NIFTY 500,17-12-2021,14952.75,14966.1,14658.5,14673.15
NIFTY 500,20-12-2021,14523.5,14533.8,14128.15,14300.7
NIFTY 500,21-12-2021,14423.7,14584.95,14386.45,14461.4
NIFTY 500,22-12-2021,14542.7,14652.35,14522.55,14639.75
NIFTY 500,23-12-2021,14738.3,14779.3,14708.7,14751.45
NIFTY 500,24-12-2021,14813.9,14819.2,14605.05,14664.8
NIFTY 500,27-12-2021,14617.15,14745.55,14515.25,14727.6
NIFTY 500,28-12-2021,14809.5,14880.85,14805.3,14867.85
NIFTY 500,29-12-2021,14866.2,14922.35,14835.35,14863.4
NIFTY 500,30-12-2021,14856.1,14894.65,14815.0,14842.05
NIFTY 500,31-12-2021,14879.25,15022.35,14877.85,14996.2
NIFTY 500,03-01-2022,15030.5,15220.05,15028.55,15204.6
NIFTY 500,04-01-2022,15260.9,15333.6,15168.15,15318.75
NIFTY 500,05-01-2022,15329.75,15410.6,15264.85,15396.4
NIFTY 500,06-01-2022,15275.75,15315.5,15197.1,15290.1
NIFTY 500,07-01-2022,15333.45,15418.4,15255.45,15348.55
NIFTY 500,10-01-2022,15427.65,15504.0,15400.55,15495.55
NIFTY 500,11-01-2022,15497.5,15559.1,15462.05,15530.55
NIFTY 500,12-01-2022,15627.05,15678.7,15595.65,15667.9
NIFTY 500,13-01-2022,15710.3,15730.95,15629.45,15721.05
NIFTY 500,14-01-2022,15667.95,15754.45,15619.55,15730.4
NIFTY 500,17-01-2022,15731.35,15794.95,15718.25,15781.25
NIFTY 500,18-01-2022,15819.45,15834.2,15546.65,15573.1
NIFTY 500,19-01-2022,15580.4,15580.4,15403.2,15472.5
NIFTY 500,20-01-2022,15464.45,15486.15,15280.55,15361.1
NIFTY 500,21-01-2022,15252.9,15294.7,15069.05,15180.8
NIFTY 500,24-01-2022,15155.0,15165.4,14577.15,14712.05
NIFTY 500,25-01-2022,14577.55,14853.0,14410.9,14832.2
NIFTY 500,27-01-2022,14671.7,14735.75,14489.8,14679.7
NIFTY 500,28-01-2022,14773.05,14952.15,14701.6,14723.25
NIFTY 500,31-01-2022,14894.75,14975.8,14857.55,14921.45
NIFTY 500,01-02-2022,15073.15,15138.2,14850.3,15116.2
NIFTY 500,02-02-2022,15218.25,15304.6,15201.45,15293.35
NIFTY 500,03-02-2022,15289.15,15296.35,15101.0,15135.9
NIFTY 500,04-02-2022,15159.6,15188.4,15048.35,15085.45
NIFTY 500,07-02-2022,15065.05,15126.65,14796.2,14870.6
NIFTY 500,08-02-2022,14926.5,14955.25,14689.15,14857.05
NIFTY 500,09-02-2022,14942.75,15026.5,14925.05,15016.35
NIFTY 500,10-02-2022,15084.35,15134.1,14972.35,15112.2
NIFTY 500,11-02-2022,14988.95,14990.6,14862.05,14891.3
NIFTY 500,14-02-2022,14606.55,14638.65,14370.7,14400.4
NIFTY 500,15-02-2022,14469.0,14822.75,14348.4,14805.55
NIFTY 500,16-02-2022,14876.65,14935.6,14756.5,14789.9
NIFTY 500,17-02-2022,14857.1,14895.65,14725.05,14772.05
NIFTY 500,18-02-2022,14711.3,14815.0,14692.65,14710.7
NIFTY 500,21-02-2022,14638.35,14733.1,14498.2,14597.1
NIFTY 500,22-02-2022,14269.45,14527.2,14267.6,14489.05
NIFTY 500,23-02-2022,14581.05,14629.05,14482.3,14506.95
NIFTY 500,24-02-2022,14055.85,14180.85,13747.45,13775.7
NIFTY 500,25-02-2022,14018.1,14247.05,14007.7,14187.4
NIFTY 500,28-02-2022,14047.75,14320.95,13928.8,14307.95
NIFTY 500,02-03-2022,14161.7,14265.5,14104.75,14199.8
NIFTY 500,03-03-2022,14327.7,14364.6,14094.3,14135.95
NIFTY 500,04-03-2022,14020.2,14075.0,13828.45,13893.15
NIFTY 500,07-03-2022,13594.75,13637.5,13438.3,13564.25
NIFTY 500,08-03-2022,13504.75,13720.1,13423.55,13706.75
NIFTY 500,09-03-2022,13786.4,14037.65,13721.95,13979.6
NIFTY 500,10-03-2022,14313.2,14316.8,14079.85,14189.0
NIFTY 500,11-03-2022,14145.5,14268.3,14098.7,14237.15
NIFTY 500,14-03-2022,14248.9,14389.35,14189.1,14374.6
NIFTY 500,15-03-2022,14408.75,14433.75,14130.9,14215.85
NIFTY 500,16-03-2022,14392.55,14491.45,14369.5,14481.8
NIFTY 500,17-03-2022,14667.2,14756.55,14644.75,14721.7
NIFTY 500,21-03-2022,14773.05,14789.85,14590.7,14602.35
NIFTY 500,22-03-2022,14613.1,14738.15,14492.25,14724.05
NIFTY 500,23-03-2022,14806.6,14833.3,14660.45,14695.15
NIFTY 500,24-03-2022,14598.75,14744.7,14595.7,14699.35
NIFTY 500,25-03-2022,14763.9,14768.3,14590.45,14651.7
NIFTY 500,28-03-2022,14686.25,14694.85,14515.65,14675.85
NIFTY 500,29-03-2022,14744.05,14773.15,14689.6,14761.9
NIFTY 500,30-03-2022,14880.7,14924.75,14823.55,14896.9
NIFTY 500,31-03-2022,14925.55,14963.4,14871.0,14894.5
NIFTY 500,01-04-2022,14890.1,15111.35,14882.6,15087.3
NIFTY 500,04-04-2022,15192.8,15393.35,15184.7,15384.2
NIFTY 500,05-04-2022,15433.05,15477.8,15360.2,15390.5
NIFTY 500,06-04-2022,15318.15,15387.4,15293.85,15327.9
NIFTY 500,07-04-2022,15292.35,15361.2,15185.7,15201.25
NIFTY 500,08-04-2022,15271.35,15386.1,15202.5,15342.4
NIFTY 500,11-04-2022,15337.5,15386.85,15294.3,15325.5
NIFTY 500,12-04-2022,15281.85,15283.35,15078.45,15164.7
NIFTY 500,13-04-2022,15239.65,15284.7,15126.65,15138.55
NIFTY 500,18-04-2022,14942.6,14971.5,14821.25,14926.05
NIFTY 500,19-04-2022,15012.75,15041.65,14617.05,14726.65
NIFTY 500,20-04-2022,14807.15,14905.25,14747.95,14850.3
NIFTY 500,21-04-2022,14946.3,15067.45,14929.15,15053.95
NIFTY 500,22-04-2022,14948.1,15015.35,14875.8,14894.85
NIFTY 500,25-04-2022,14758.6,14769.1,14623.1,14673.0
NIFTY 500,26-04-2022,14818.8,14915.35,14785.85,14898.35
NIFTY 500,27-04-2022,14797.35,14825.55,14678.95,14756.0
NIFTY 500,28-04-2022,14886.5,14964.6,14765.85,14913.9
NIFTY 500,29-04-2022,14991.45,15011.7,14743.35,14783.35
NIFTY 500,02-05-2022,14647.25,14751.05,14617.75,14736.3
NIFTY 500,04-05-2022,14771.45,14798.3,14343.6,14393.35
NIFTY 500,05-05-2022,14542.15,14606.05,14365.55,14395.5
NIFTY 500,06-05-2022,14159.1,14205.0,14073.45,14145.75
NIFTY 500,09-05-2022,14002.75,14088.3,13879.55,13991.75
NIFTY 500,10-05-2022,13953.95,14068.4,13823.35,13855.95
NIFTY 500,11-05-2022,13888.15,13949.1,13589.35,13771.8
NIFTY 500,12-05-2022,13656.95,13671.0,13389.75,13465.25
NIFTY 500,13-05-2022,13621.2,13738.55,13435.05,13471.5
NIFTY 500,16-05-2022,13540.25,13646.3,13434.45,13571.2
NIFTY 500,17-05-2022,13648.45,13944.7,13632.15,13926.05
NIFTY 500,18-05-2022,13989.35,14064.0,13896.6,13918.2
NIFTY 500,19-05-2022,13625.75,13680.65,13520.95,13550.9
NIFTY 500,20-05-2022,13755.05,13906.4,13733.55,13895.05
NIFTY 500,23-05-2022,13929.75,14005.5,13813.6,13835.8
NIFTY 500,24-05-2022,13858.05,13883.55,13709.4,13747.25
NIFTY 500,25-05-2022,13805.1,13821.4,13574.5,13587.75
NIFTY 500,26-05-2022,13651.55,13756.85,13445.25,13722.55
NIFTY 500,27-05-2022,13839.3,13885.05,13768.3,13873.15
NIFTY 500,30-05-2022,14022.6,14163.05,14009.65,14154.8
NIFTY 500,31-05-2022,14106.0,14215.45,14067.05,14119.6
NIFTY 500,01-06-2022,14132.1,14186.9,14009.05,14082.9
NIFTY 500,02-06-2022,14059.25,14179.3,14029.8,14167.95
NIFTY 500,03-06-2022,14280.35,14300.0,14064.9,14077.9
NIFTY 500,06-06-2022,14042.4,14081.2,13932.15,14054.1
NIFTY 500,07-06-2022,13978.65,13990.2,13883.75,13935.6
NIFTY 500,08-06-2022,13981.65,14020.45,13832.45,13886.9
NIFTY 500,09-06-2022,13816.7,13989.0,13790.0,13977.1
NIFTY 500,10-06-2022,13825.0,13860.05,13757.95,13781.75
NIFTY 500,13-06-2022,13521.2,13527.75,13356.2,13416.9
NIFTY 500,14-06-2022,13341.95,13506.5,13324.15,13388.3
NIFTY 500,15-06-2022,13412.2,13448.45,13366.75,13380.85
NIFTY 500,16-06-2022,13508.7,13527.8,13064.05,13089.2
NIFTY 500,17-06-2022,13011.4,13111.95,12903.85,12994.75
NIFTY 500,20-06-2022,13026.15,13049.4,12855.55,12950.75
NIFTY 500,21-06-2022,13042.8,13275.5,13019.35,13241.9
NIFTY 500,22-06-2022,13176.1,13184.9,13028.35,13047.75
NIFTY 500,23-06-2022,13081.9,13231.9,13021.25,13178.8
NIFTY 500,24-06-2022,13269.2,13337.7,13247.95,13322.5
NIFTY 500,27-06-2022,13506.35,13510.8,13432.65,13444.55
NIFTY 500,28-06-2022,13389.85,13487.5,13330.75,13464.25
NIFTY 500,29-06-2022,13337.65,13462.05,13328.2,13417.85
NIFTY 500,30-06-2022,13410.8,13492.15,13352.4,13387.55
NIFTY 500,01-07-2022,13335.25,13422.45,13192.9,13394.45
NIFTY 500,04-07-2022,13378.4,13483.7,13337.2,13472.65
NIFTY 500,05-07-2022,13533.75,13628.45,13439.4,13461.85
NIFTY 500,06-07-2022,13472.8,13647.2,13443.35,13631.3
NIFTY 500,07-07-2022,13736.95,13777.75,13687.55,13765.6
NIFTY 500,08-07-2022,13873.75,13874.7,13770.9,13828.25
NIFTY 500,11-07-2022,13771.4,13905.95,13755.75,13886.85
NIFTY 500,12-07-2022,13823.6,13866.65,13757.3,13779.0
NIFTY 500,13-07-2022,13842.8,13861.3,13714.2,13726.95
NIFTY 500,14-07-2022,13771.2,13797.6,13617.15,13702.65
NIFTY 500,15-07-2022,13761.1,13804.05,13695.2,13790.2
NIFTY 500,18-07-2022,13883.8,13993.4,13877.6,13984.4
NIFTY 500,19-07-2022,13922.55,14067.75,13922.35,14051.65
NIFTY 500,20-07-2022,14220.2,14230.9,14140.0,14164.4
NIFTY 500,21-07-2022,14172.8,14288.6,14141.65,14271.8
NIFTY 500,22-07-2022,14325.05,14359.75,14265.25,14336.6
NIFTY 500,25-07-2022,14307.9,14335.1,14228.15,14279.5
NIFTY 500,26-07-2022,14284.7,14286.5,14122.55,14141.45
NIFTY 500,27-07-2022,14131.8,14272.2,14099.9,14262.55
NIFTY 500,28-07-2022,14365.05,14481.45,14330.3,14469.1
NIFTY 500,29-07-2022,14588.15,14677.75,14553.65,14665.65
NIFTY 500,01-08-2022,14741.4,14858.3,14666.2,14846.85
NIFTY 500,02-08-2022,14831.9,14906.0,14765.3,14876.6
NIFTY 500,03-08-2022,14880.65,14906.7,14750.75,14878.05
NIFTY 500,04-08-2022,14944.95,14974.7,14688.0,14892.45
NIFTY 500,05-08-2022,14933.2,14972.1,14874.25,14900.4
NIFTY 500,08-08-2022,14910.6,15009.9,14867.2,14993.35
NIFTY 500,10-08-2022,15033.3,15033.3,14919.2,14985.8
NIFTY 500,11-08-2022,15123.65,15130.05,15069.9,15095.15
NIFTY 500,12-08-2022,15102.8,15162.3,15060.75,15140.55
NIFTY 500,16-08-2022,15222.9,15287.45,15203.5,15280.5
NIFTY 500,17-08-2022,15325.35,15398.45,15306.55,15379.05
NIFTY 500,18-08-2022,15355.6,15415.25,15325.2,15404.6
NIFTY 500,19-08-2022,15426.2,15445.5,15205.55,15236.65
NIFTY 500,22-08-2022,15183.1,15186.15,14980.4,15001.75
NIFTY 500,23-08-2022,14887.0,15128.25,14879.9,15090.5
NIFTY 500,24-08-2022,15062.45,15152.45,15037.15,15140.4
NIFTY 500,25-08-2022,15208.85,15252.8,15075.1,15100.65
NIFTY 500,26-08-2022,15187.1,15242.65,15116.2,15147.55
NIFTY 500,29-08-2022,14797.8,15016.25,14793.95,14972.75
NIFTY 500,30-08-2022,15071.45,15338.8,15065.35,15325.05
NIFTY 500,01-09-2022,15142.7,15309.85,15141.45,15211.2
NIFTY 500,02-09-2022,15272.45,15305.0,15184.3,15201.6
NIFTY 500,05-09-2022,15221.75,15311.95,15217.35,15294.4
NIFTY 500,06-09-2022,15339.3,15386.75,15248.0,15313.05
NIFTY 500,07-09-2022,15222.25,15334.0,15199.4,15319.4
NIFTY 500,08-09-2022,15430.2,15448.75,15365.7,15440.7
NIFTY 500,09-09-2022,15547.55,15548.85,15426.4,15467.4
NIFTY 500,12-09-2022,15524.7,15600.15,15522.4,15577.4
NIFTY 500,13-09-2022,15667.35,15686.85,15635.15,15669.85
NIFTY 500,14-09-2022,15423.9,15688.1,15423.9,15630.7
NIFTY 500,15-09-2022,15686.0,15724.45,15543.9,15580.35
NIFTY 500,16-09-2022,15529.35,15542.0,15197.9,15243.95
NIFTY 500,19-09-2022,15264.25,15348.8,15135.15,15293.55
NIFTY 500,20-09-2022,15423.5,15557.3,15410.25,15470.35
NIFTY 500,21-09-2022,15449.25,15516.5,15320.05,15361.25
NIFTY 500,22-09-2022,15284.6,15386.75,15224.95,15335.3
NIFTY 500,23-09-2022,15324.3,15360.2,15032.75,15057.65
NIFTY 500,26-09-2022,14916.9,14932.5,14671.05,14725.7
NIFTY 500,27-09-2022,14805.85,14874.45,14652.3,14727.3
NIFTY 500,28-09-2022,14617.4,14768.25,14577.05,14620.6
NIFTY 500,29-09-2022,14748.2,14783.75,14569.1,14602.5
NIFTY 500,30-09-2022,14586.9,14881.3,14516.3,14829.35
NIFTY 500,03-10-2022,14837.1,14858.65,14585.8,14638.5
NIFTY 500,04-10-2022,14869.55,14975.6,14852.55,14965.8
NIFTY 500,06-10-2022,15063.55,15119.9,15042.2,15053.05
NIFTY 500,07-10-2022,15030.2,15055.65,14943.15,15036.7
NIFTY 500,10-10-2022,14857.0,14989.05,14818.5,14951.65
NIFTY 500,11-10-2022,14980.45,14982.75,14692.55,14721.9
NIFTY 500,12-10-2022,14761.45,14844.85,14676.55,14829.95
NIFTY 500,13-10-2022,14811.2,14832.35,14683.55,14730.3
NIFTY 500,14-10-2022,14979.15,14989.15,14803.7,14815.1
NIFTY 500,17-10-2022,14783.2,14920.7,14718.8,14906.15
NIFTY 500,18-10-2022,15009.1,15071.95,15007.25,15056.55
NIFTY 500,19-10-2022,15120.4,15153.05,15039.8,15068.6
NIFTY 500,20-10-2022,14998.45,15128.4,14979.6,15112.1
NIFTY 500,21-10-2022,15159.6,15181.9,15036.1,15081.1
NIFTY 500,24-10-2022,15225.45,15248.05,15179.15,15198.75
NIFTY 500,25-10-2022,15251.75,15253.75,15143.45,15158.1
NIFTY 500,27-10-2022,15246.55,15273.3,15172.15,15244.25
NIFTY 500,28-10-2022,15265.45,15290.15,15191.6,15241.6
NIFTY 500,31-10-2022,15333.15,15433.05,15327.4,15424.0
NIFTY 500,01-11-2022,15507.95,15545.85,15460.7,15537.4
NIFTY 500,02-11-2022,15560.45,15561.1,15470.4,15497.55
NIFTY 500,03-11-2022,15407.8,15519.15,15401.3,15484.7
NIFTY 500,04-11-2022,15495.75,15542.15,15454.3,15530.85
NIFTY 500,07-11-2022,15610.95,15647.25,15505.75,15615.15
NIFTY 500,09-11-2022,15684.45,15686.35,15534.85,15567.25
NIFTY 500,10-11-2022,15490.25,15523.9,15384.35,15440.0
NIFTY 500,11-11-2022,15633.5,15662.05,15612.45,15649.1
NIFTY 500,14-11-2022,15672.5,15684.25,15627.75,15650.2
NIFTY 500,15-11-2022,15678.5,15708.9,15609.5,15693.9
NIFTY 500,16-11-2022,15696.55,15711.3,15607.25,15663.3
NIFTY 500,17-11-2022,15630.55,15661.1,15573.95,15597.25
NIFTY 500,18-11-2022,15634.3,15644.8,15472.35,15550.85
NIFTY 500,21-11-2022,15514.6,15523.15,15431.2,15453.8
NIFTY 500,22-11-2022,15472.65,15518.1,15437.3,15509.2
NIFTY 500,23-11-2022,15572.75,15572.9,15520.25,15538.15
NIFTY 500,24-11-2022,15588.45,15706.5,15567.75,15680.8
NIFTY 500,25-11-2022,15719.8,15743.1,15668.35,15727.25
NIFTY 500,28-11-2022,15683.75,15817.35,15642.8,15784.45
NIFTY 500,29-11-2022,15784.55,15859.35,15782.4,15812.45
NIFTY 500,30-11-2022,15827.45,15991.6,15820.55,15946.15
NIFTY 500,01-12-2022,16041.15,16041.65,15972.75,16003.95
NIFTY 500,02-12-2022,15977.5,15991.05,15909.6,15963.5
NIFTY 500,05-12-2022,15994.95,15999.8,15881.8,15967.2
NIFTY 500,06-12-2022,15904.1,15936.7,15881.6,15922.85
NIFTY 500,07-12-2022,15932.25,15953.25,15836.05,15862.0
NIFTY 500,08-12-2022,15881.8,15918.75,15860.3,15911.1
NIFTY 500,09-12-2022,15964.85,15967.3,15727.35,15812.75
NIFTY 500,12-12-2022,15759.65,15836.85,15687.95,15828.0
NIFTY 500,13-12-2022,15863.25,15913.8,15830.65,15904.5
NIFTY 500,14-12-2022,15958.15,15988.55,15946.3,15963.8
NIFTY 500,15-12-2022,15938.05,15968.2,15758.85,15783.8
NIFTY 500,16-12-2022,15710.9,15799.35,15625.25,15636.35
NIFTY 500,19-12-2022,15658.85,15764.0,15606.15,15755.2
NIFTY 500,20-12-2022,15704.05,15740.25,15580.8,15726.2
NIFTY 500,21-12-2022,15772.95,15812.05,15497.6,15527.55
NIFTY 500,22-12-2022,15599.55,15636.1,15369.6,15431.5
NIFTY 500,23-12-2022,15300.75,15349.35,15018.75,15046.0
NIFTY 500,26-12-2022,15060.85,15350.35,14985.4,15298.55
NIFTY 500,27-12-2022,15375.2,15433.65,15278.6,15418.35
NIFTY 500,28-12-2022,15390.55,15468.15,15363.65,15432.8
NIFTY 500,29-12-2022,15370.0,15517.45,15307.0,15485.2
NIFTY 500,30-12-2022,15557.75,15581.95,15425.65,15448.85
NIFTY 500,02-01-2023,15479.95,15536.35,15433.3,15523.65
NIFTY 500,03-01-2023,15515.75,15575.7,15500.75,15557.8
NIFTY 500,04-01-2023,15563.15,15574.5,15375.8,15393.0
NIFTY 500,05-01-2023,15446.5,15462.15,15286.4,15386.2
NIFTY 500,06-01-2023,15401.35,15419.4,15219.85,15272.0
NIFTY 500,09-01-2023,15360.4,15472.15,15353.35,15450.1
NIFTY 500,10-01-2023,15470.0,15472.45,15262.1,15325.25
NIFTY 500,11-01-2023,15342.75,15375.1,15257.0,15301.35
NIFTY 500,12-01-2023,15329.7,15347.2,15203.55,15279.6
NIFTY 500,13-01-2023,15295.9,15370.05,15215.0,15346.1
NIFTY 500,16-01-2023,15398.15,15421.25,15276.5,15305.45
NIFTY 500,17-01-2023,15328.85,15411.0,15291.6,15396.15
NIFTY 500,18-01-2023,15416.6,15479.65,15376.5,15466.35
NIFTY 500,19-01-2023,15427.15,15455.15,15387.25,15419.7
NIFTY 500,20-01-2023,15428.2,15443.45,15336.7,15347.9
NIFTY 500,23-01-2023,15411.5,15427.5,15364.25,15403.2
NIFTY 500,24-01-2023,15451.2,15459.3,15364.2,15388.55
NIFTY 500,25-01-2023,15364.4,15368.7,15146.4,15171.95
NIFTY 500,27-01-2023,15160.15,15165.4,14779.1,14874.75
NIFTY 500,30-01-2023,14807.5,14955.15,14675.05,14854.2
NIFTY 500,31-01-2023,14906.45,14962.95,14787.85,14935.5
NIFTY 500,01-02-2023,15054.8,15154.1,14622.65,14847.65
NIFTY 500,02-02-2023,14760.35,14887.45,14698.4,14839.4
NIFTY 500,03-02-2023,14904.1,14972.15,14746.45,14962.35
NIFTY 500,06-02-2023,14939.4,14954.3,14870.55,14934.15
NIFTY 500,07-02-2023,14950.15,14970.8,14845.95,14902.2
NIFTY 500,08-02-2023,14927.55,15046.7,14924.05,15028.3
NIFTY 500,09-02-2023,15036.85,15054.75,14956.9,15030.1
NIFTY 500,10-02-2023,14992.65,15031.1,14969.55,15015.85
NIFTY 500,13-02-2023,15011.35,15022.55,14875.85,14900.5
NIFTY 500,14-02-2023,14936.2,14988.0,14879.35,14968.9
NIFTY 500,15-02-2023,14939.0,15053.55,14923.25,15039.65
NIFTY 500,16-02-2023,15098.45,15135.35,15060.0,15083.75
NIFTY 500,17-02-2023,15036.25,15077.0,14966.3,15003.95
NIFTY 500,20-02-2023,15023.45,15036.45,14920.7,14938.65
NIFTY 500,21-02-2023,14982.0,14992.7,14894.15,14913.95
NIFTY 500,22-02-2023,14854.15,14861.05,14674.25,14701.9
NIFTY 500,23-02-2023,14715.2,14740.8,14599.1,14666.75
NIFTY 500,24-02-2023,14723.4,14741.95,14598.95,14630.45
NIFTY 500,27-02-2023,14600.9,14609.4,14465.7,14548.7
NIFTY 500,28-02-2023,14550.0,14584.45,14476.0,14518.75
NIFTY 500,01-03-2023,14557.0,14675.05,14550.1,14664.85
NIFTY 500,02-03-2023,14654.8,14668.4,14575.95,14587.25
NIFTY 500,03-03-2023,14686.25,14813.05,14676.05,14774.75
NIFTY 500,06-03-2023,14848.35,14942.05,14843.7,14881.0
NIFTY 500,08-03-2023,14843.1,14932.4,14791.25,14921.95
NIFTY 500,09-03-2023,14947.05,14952.85,14788.9,14803.95
NIFTY 500,10-03-2023,14695.05,14699.35,14593.4,14679.85
NIFTY 500,13-03-2023,14681.55,14752.85,14420.5,14454.45
NIFTY 500,14-03-2023,14462.0,14499.2,14306.8,14358.55
NIFTY 500,15-03-2023,14458.15,14494.35,14298.15,14320.3
NIFTY 500,16-03-2023,14328.5,14387.65,14189.0,14330.35
NIFTY 500,17-03-2023,14436.25,14464.9,14327.75,14420.85
NIFTY 500,20-03-2023,14389.85,14393.6,14196.5,14317.1
NIFTY 500,21-03-2023,14379.05,14428.15,14339.95,14411.3
NIFTY 500,22-03-2023,14470.05,14497.15,14432.2,14460.0
NIFTY 500,23-03-2023,14422.95,14490.65,14388.3,14403.6
NIFTY 500,24-03-2023,14409.0,14434.1,14257.5,14279.0
NIFTY 500,27-03-2023,14306.6,14348.95,14238.9,14262.7
NIFTY 500,28-03-2023,14289.95,14300.2,14177.5,14211.8
NIFTY 500,29-03-2023,14218.6,14377.3,14218.6,14345.6
NIFTY 500,31-03-2023,14442.3,14577.15,14438.8,14557.85
NIFTY 500,03-04-2023,14621.05,14621.05,14541.6,14601.95
NIFTY 500,05-04-2023,14620.7,14718.9,14611.25,14709.4
NIFTY 500,06-04-2023,14701.1,14786.0,14673.7,14759.2
NIFTY 500,10-04-2023,14797.35,14833.45,14767.0,14790.55
NIFTY 500,11-04-2023,14854.65,14893.6,14814.35,14867.25
NIFTY 500,12-04-2023,14902.2,14949.9,14871.9,14941.55
NIFTY 500,13-04-2023,14946.45,14965.7,14885.25,14954.25
NIFTY 500,17-04-2023,14970.35,14970.35,14794.45,14904.3
NIFTY 500,18-04-2023,14949.1,14949.1,14852.65,14897.0
NIFTY 500,19-04-2023,14901.25,14905.6,14832.9,14856.9
NIFTY 500,20-04-2023,14878.55,14905.8,14835.9,14861.75
NIFTY 500,21-04-2023,14879.6,14888.65,14789.95,14847.1
NIFTY 500,24-04-2023,14903.95,14937.2,14841.6,14930.15
NIFTY 500,25-04-2023,14945.8,14981.3,14916.35,14955.7
NIFTY 500,26-04-2023,14954.2,15003.1,14918.55,14994.4
NIFTY 500,27-04-2023,14999.9,15085.85,14989.2,15075.05
NIFTY 500,28-04-2023,15111.05,15235.45,15077.45,15219.55
NIFTY 500,02-05-2023,15276.2,15327.75,15261.15,15300.75
NIFTY 500,03-05-2023,15277.75,15305.05,15239.5,15276.4
NIFTY 500,04-05-2023,15282.25,15414.7,15272.7,15405.5
NIFTY 500,05-05-2023,15330.35,15394.9,15265.85,15278.6
NIFTY 500,08-05-2023,15321.9,15440.85,15310.75,15427.1
NIFTY 500,09-05-2023,15462.75,15502.7,15393.95,15420.6
NIFTY 500,10-05-2023,15458.05,15476.1,15372.45,15466.05
NIFTY 500,11-05-2023,15512.35,15526.75,15461.85,15484.05
NIFTY 500,12-05-2023,15475.05,15506.15,15401.65,15477.35
NIFTY 500,15-05-2023,15495.85,15591.95,15464.65,15549.7
NIFTY 500,16-05-2023,15584.4,15592.25,15476.65,15492.4
NIFTY 500,17-05-2023,15508.25,15512.85,15367.0,15426.35
NIFTY 500,18-05-2023,15506.65,15514.9,15346.85,15361.6
NIFTY 500,19-05-2023,15399.5,15418.8,15278.7,15407.55
NIFTY 500,22-05-2023,15409.05,15517.65,15386.9,15504.0
NIFTY 500,23-05-2023,15551.05,15595.65,15528.75,15544.75
NIFTY 500,24-05-2023,15517.2,15591.4,15493.3,15515.95
NIFTY 500,25-05-2023,15510.2,15568.55,15474.15,15555.25
NIFTY 500,26-05-2023,15589.5,15704.0,15567.85,15696.75
NIFTY 500,29-05-2023,15791.75,15805.75,15758.15,15772.35
NIFTY 500,30-05-2023,15784.25,15823.9,15759.35,15799.45
NIFTY 500,31-05-2023,15773.8,15789.2,15706.5,15766.4
NIFTY 500,01-06-2023,15801.95,15823.95,15743.4,15760.35
NIFTY 500,02-06-2023,15816.8,15838.45,15774.65,15811.2
NIFTY 500,05-06-2023,15877.45,15899.15,15851.75,15859.5
NIFTY 500,06-06-2023,15873.75,15895.7,15816.7,15878.4
NIFTY 500,07-06-2023,15938.3,16016.0,15920.25,16006.7
NIFTY 500,08-06-2023,16021.7,16048.8,15906.15,15921.05
NIFTY 500,09-06-2023,15947.95,15961.7,15866.8,15877.4
NIFTY 500,12-06-2023,15913.2,15946.15,15874.4,15929.1
NIFTY 500,13-06-2023,15964.8,16057.5,15964.3,16048.2
NIFTY 500,14-06-2023,16082.15,16094.1,16035.15,16084.05
NIFTY 500,15-06-2023,16106.85,16138.7,16039.05,16058.25
NIFTY 500,16-06-2023,16100.9,16211.25,16091.8,16181.45
NIFTY 500,19-06-2023,16231.05,16244.95,16117.85,16142.15
NIFTY 500,20-06-2023,16147.55,16215.6,16080.95,16199.95
NIFTY 500,21-06-2023,16244.55,16277.35,16201.4,16240.95
NIFTY 500,22-06-2023,16252.75,16264.15,16128.8,16140.8
NIFTY 500,23-06-2023,16126.7,16133.95,15999.4,16011.8
NIFTY 500,26-06-2023,16017.5,16079.0,15995.1,16066.15
NIFTY 500,27-06-2023,16118.65,16171.2,16104.2,16163.5
NIFTY 500,28-06-2023,16239.85,16296.0,16210.45,16277.2
NIFTY 500,30-06-2023,16354.95,16437.45,16326.0,16430.0
NIFTY 500,03-07-2023,16490.95,16541.9,16485.3,16527.95
NIFTY 500,04-07-2023,16597.5,16599.25,16499.15,16556.05
NIFTY 500,05-07-2023,16580.2,16611.15,16540.2,16597.2
NIFTY 500,06-07-2023,16600.75,16703.3,16590.7,16695.05
NIFTY 500,07-07-2023,16653.3,16718.2,16541.6,16564.9
NIFTY 500,10-07-2023,16620.9,16623.95,16530.75,16553.75
NIFTY 500,11-07-2023,16610.95,16698.8,16597.55,16648.0
NIFTY 500,12-07-2023,16697.1,16703.25,16627.3,16641.05
NIFTY 500,13-07-2023,16726.95,16774.5,16596.45,16623.9
NIFTY 500,14-07-2023,16695.7,16786.0,16655.05,16765.45
NIFTY 500,17-07-2023,16811.65,16884.95,16784.35,16872.05
NIFTY 500,18-07-2023,16932.95,16940.15,16818.3,16872.0
NIFTY 500,19-07-2023,16919.05,16964.25,16877.45,16953.5
NIFTY 500,20-07-2023,16965.45,17051.0,16912.7,17042.55
NIFTY 500,21-07-2023,16931.95,16991.4,16874.95,16904.3
NIFTY 500,24-07-2023,16921.75,16948.4,16852.2,16865.15
NIFTY 500,25-07-2023,16918.8,16918.85,16832.45,16896.9
NIFTY 500,26-07-2023,16950.7,17011.0,16931.6,16975.0
NIFTY 500,27-07-2023,17038.35,17056.2,16873.0,16919.2
NIFTY 500,28-07-2023,16935.05,16960.5,16880.6,16948.35
NIFTY 500,31-07-2023,16972.5,17072.8,16939.0,17059.0
NIFTY 500,01-08-2023,17096.6,17102.1,17026.3,17051.15
NIFTY 500,02-08-2023,17005.6,17018.85,16755.9,16858.95
NIFTY 500,03-08-2023,16818.35,16878.75,16691.65,16772.3
NIFTY 500,04-08-2023,16847.4,16914.45,16836.55,16890.6
NIFTY 500,07-08-2023,16948.35,16970.05,16897.5,16956.35
NIFTY 500,08-08-2023,16991.85,16998.15,16889.85,16949.25
NIFTY 500,09-08-2023,16966.85,17011.95,16881.75,17003.85
NIFTY 500,10-08-2023,16999.5,17013.45,16901.55,16939.85
NIFTY 500,11-08-2023,16970.05,16972.05,16845.8,16860.15
NIFTY 500,14-08-2023,16827.75,16854.1,16661.0,16825.55
NIFTY 500,16-08-2023,16779.6,16867.8,16732.75,16853.05
NIFTY 500,17-08-2023,16858.85,16869.4,16781.6,16802.25
NIFTY 500,18-08-2023,16768.0,16803.25,16722.05,16757.7
NIFTY 500,21-08-2023,16780.75,16872.55,16766.7,16852.05
NIFTY 500,22-08-2023,16886.95,16925.45,16874.8,16905.25
NIFTY 500,23-08-2023,16950.9,16981.85,16912.15,16950.25
NIFTY 500,24-08-2023,17039.25,17074.25,16916.4,16930.15
NIFTY 500,25-08-2023,16871.0,16905.7,16785.25,16820.85
NIFTY 500,28-08-2023,16866.4,16918.25,16823.4,16875.3
NIFTY 500,29-08-2023,16933.85,16938.8,16898.05,16927.3
NIFTY 500,30-08-2023,17010.15,17035.6,16959.1,16968.95
NIFTY 500,31-08-2023,17001.35,17011.8,16904.7,16924.3
NIFTY 500,01-09-2023,16940.2,17088.1,16931.5,17074.55
NIFTY 500,04-09-2023,17157.9,17191.2,17074.55,17180.95
NIFTY 500,05-09-2023,17228.2,17264.9,17180.95,17252.1
NIFTY 500,06-09-2023,17274.2,17298.8,17198.75,17284.6
NIFTY 500,07-09-2023,17292.35,17395.0,17269.1,17385.5
NIFTY 500,08-09-2023,17437.65,17519.6,17411.85,17487.45
NIFTY 500,11-09-2023,17567.2,17660.8,17550.2,17653.35
NIFTY 500,12-09-2023,17753.95,17754.05,17422.05,17460.55
NIFTY 500,13-09-2023,17458.4,17540.85,17364.35,17526.75
NIFTY 500,14-09-2023,17593.25,17648.55,17546.0,17603.5
NIFTY 500,15-09-2023,17662.8,17691.85,17620.9,17665.8
NIFTY 500,18-09-2023,17666.85,17671.6,17601.55,17613.6
NIFTY 500,20-09-2023,17513.2,17571.15,17419.75,17449.35
NIFTY 500,21-09-2023,17409.1,17422.75,17273.1,17303.5
NIFTY 500,22-09-2023,17314.4,17361.8,17226.05,17260.8
NIFTY 500,25-09-2023,17276.35,17308.2,17198.2,17272.55
NIFTY 500,26-09-2023,17284.9,17312.35,17250.3,17276.75
NIFTY 500,27-09-2023,17270.4,17352.1,17217.45,17341.6
NIFTY 500,28-09-2023,17384.05,17389.2,17147.0,17170.45
NIFTY 500,29-09-2023,17227.55,17357.15,17205.2,17292.6
NIFTY 500,03-10-2023,17294.5,17295.45,17201.7,17254.4
NIFTY 500,04-10-2023,17195.55,17200.7,17032.6,17123.1
NIFTY 500,05-10-2023,17202.25,17234.0,17154.3,17195.8
NIFTY 500,06-10-2023,17263.35,17310.1,17237.1,17293.6
NIFTY 500,09-10-2023,17170.5,17206.85,17096.65,17127.7
NIFTY 500,10-10-2023,17184.55,17319.3,17184.55,17303.35
NIFTY 500,11-10-2023,17380.65,17447.8,17375.5,17407.35
NIFTY 500,12-10-2023,17438.3,17457.85,17402.45,17419.7
NIFTY 500,13-10-2023,17323.05,17436.5,17306.55,17390.35
NIFTY 500,16-10-2023,17390.35,17431.5,17353.15,17393.0
NIFTY 500,17-10-2023,17490.05,17494.5,17437.95,17467.7
NIFTY 500,18-10-2023,17484.35,17492.4,17332.3,17344.0
NIFTY 500,19-10-2023,17251.2,17344.6,17202.25,17310.5
NIFTY 500,20-10-2023,17258.3,17295.05,17190.6,17208.75
NIFTY 500,23-10-2023,17204.75,17224.8,16859.85,16888.7
NIFTY 500,25-10-2023,16912.4,16967.1,16677.15,16760.8
NIFTY 500,26-10-2023,16678.7,16689.1,16466.25,16555.45
NIFTY 500,27-10-2023,16636.05,16793.1,16634.6,16765.45
NIFTY 500,30-10-2023,16784.95,16837.8,16661.95,16826.1
NIFTY 500,31-10-2023,16909.7,16910.0,16785.55,16801.1
NIFTY 500,01-11-2023,16808.5,16834.1,16719.1,16732.95
NIFTY 500,02-11-2023,16849.95,16903.75,16823.0,16890.8
NIFTY 500,03-11-2023,16990.35,17027.45,16983.05,17000.95
NIFTY 500,06-11-2023,17105.35,17168.75,17080.95,17159.4
NIFTY 500,07-11-2023,17170.35,17200.6,17120.75,17187.8
NIFTY 500,08-11-2023,17242.65,17269.25,17215.0,17259.7
NIFTY 500,09-11-2023,17284.95,17288.6,17209.55,17218.9
NIFTY 500,10-11-2023,17189.7,17274.9,17156.85,17256.6
NIFTY 500,12-11-2023,17380.5,17384.15,17347.45,17361.1
NIFTY 500,13-11-2023,17335.0,17339.15,17278.65,17318.6
NIFTY 500,15-11-2023,17493.3,17518.9,17448.3,17508.05
NIFTY 500,16-11-2023,17518.1,17668.65,17486.5,17593.1
NIFTY 500,17-11-2023,17537.45,17649.05,17528.85,17600.5
NIFTY 500,20-11-2023,17618.55,17636.4,17556.1,17573.65
NIFTY 500,21-11-2023,17644.5,17665.0,17617.2,17627.6
NIFTY 500,22-11-2023,17637.45,17654.6,17533.75,17627.7
NIFTY 500,23-11-2023,17654.15,17693.25,17627.35,17639.4
NIFTY 500,24-11-2023,17661.3,17684.15,17631.75,17643.5
NIFTY 500,28-11-2023,17701.05,17760.0,17665.65,17741.8
NIFTY 500,29-11-2023,17831.65,17911.35,17823.45,17904.1
NIFTY 500,30-11-2023,17926.9,18007.1,17845.9,17987.95
NIFTY 500,01-12-2023,18061.8,18141.65,18053.15,18115.35
NIFTY 500,04-12-2023,18422.35,18460.0,18315.45,18448.5
NIFTY 500,05-12-2023,18541.3,18594.9,18453.65,18588.55
NIFTY 500,06-12-2023,18677.25,18698.8,18594.4,18680.0
NIFTY 500,07-12-2023,18696.75,18721.8,18619.75,18703.85
NIFTY 500,08-12-2023,18752.25,18785.7,18588.15,18703.5
NIFTY 500,11-12-2023,18726.35,18780.45,18710.15,18770.2
NIFTY 500,12-12-2023,18809.9,18819.7,18635.35,18686.8
NIFTY 500,13-12-2023,18723.7,18770.45,18601.5,18751.45
NIFTY 500,14-12-2023,18906.4,18996.25,18893.75,18973.85
NIFTY 500,15-12-2023,19071.95,19165.1,19020.55,19145.05
NIFTY 500,18-12-2023,19149.15,19201.55,19073.1,19155.55
NIFTY 500,19-12-2023,19212.55,19213.55,19067.2,19169.25
NIFTY 500,20-12-2023,19264.4,19303.6,18727.1,18779.45
NIFTY 500,21-12-2023,18647.85,18965.8,18582.95,18941.8
NIFTY 500,22-12-2023,19011.25,19089.95,18934.75,19054.7
NIFTY 500,26-12-2023,19095.0,19173.8,19059.4,19148.85
NIFTY 500,27-12-2023,19219.4,19312.3,19189.8,19296.95
NIFTY 500,28-12-2023,19358.35,19414.55,19313.1,19399.25
NIFTY 500,29-12-2023,19394.5,19450.1,19338.35,19429.15
NIFTY 500,01-01-2024,19452.0,19543.25,19421.4,19469.5
NIFTY 500,02-01-2024,19496.8,19499.8,19271.65,19418.4
NIFTY 500,03-01-2024,19434.3,19442.2,19343.15,19367.15
NIFTY 500,04-01-2024,19451.8,19560.4,19433.5,19541.25
NIFTY 500,05-01-2024,19602.1,19637.1,19490.95,19590.6
NIFTY 500,08-01-2024,19636.0,19641.85,19400.6,19417.7
NIFTY 500,09-01-2024,19549.5,19596.05,19439.1,19459.55
NIFTY 500,10-01-2024,19463.55,19532.3,19354.1,19517.85
NIFTY 500,11-01-2024,19589.75,19626.5,19532.3,19584.35
NIFTY 500,12-01-2024,19691.25,19775.9,19635.75,19745.6
NIFTY 500,15-01-2024,19876.5,19896.9,19763.8,19885.55
NIFTY 500,16-01-2024,19894.3,19923.3,19736.2,19827.55
NIFTY 500,17-01-2024,19556.4,19707.7,19470.05,19487.6
NIFTY 500,18-01-2024,19388.4,19468.65,19143.5,19414.8
NIFTY 500,19-01-2024,19555.95,19618.95,19537.15,19606.4
NIFTY 500,20-01-2024,19698.05,19718.7,19582.7,19601.9
NIFTY 500,23-01-2024,19743.5,19752.35,19158.75,19206.45
NIFTY 500,24-01-2024,19193.15,19470.65,19080.5,19451.0
NIFTY 500,25-01-2024,19479.65,19480.05,19289.8,19393.0
NIFTY 500,29-01-2024,19475.4,19728.9,19470.05,19711.65
NIFTY 500,30-01-2024,19770.25,19799.25,19558.8,19574.2
NIFTY 500,31-01-2024,19574.15,19813.3,19546.4,19802.1
NIFTY 500,01-02-2024,19869.95,19871.25,19703.75,19777.35
NIFTY 500,02-02-2024,19884.65,20101.15,19874.8,19910.8
NIFTY 500,05-02-2024,19989.65,20044.0,19805.75,19853.5
NIFTY 500,06-02-2024,19923.2,20044.45,19824.85,20033.75
NIFTY 500,07-02-2024,20157.2,20169.9,20011.45,20109.55
NIFTY 500,08-02-2024,20207.55,20209.05,19949.35,19987.55
NIFTY 500,09-02-2024,20015.0,20040.65,19745.45,19961.5
NIFTY 500,12-02-2024,19999.95,20015.0,19634.6,19675.2
NIFTY 500,13-02-2024,19709.8,19796.05,19508.75,19782.9
NIFTY 500,14-02-2024,19618.1,19943.75,19579.2,19922.3
NIFTY 500,15-02-2024,20011.7,20065.75,19952.0,20037.0
NIFTY 500,16-02-2024,20136.85,20191.45,20098.1,20164.9
NIFTY 500,19-02-2024,20244.25,20301.0,20174.9,20241.1
NIFTY 500,20-02-2024,20242.65,20285.8,20190.7,20271.9
NIFTY 500,21-02-2024,20329.1,20342.3,20077.8,20128.3
NIFTY 500,22-02-2024,20179.25,20308.9,20004.1,20283.95
NIFTY 500,23-02-2024,20358.7,20365.65,20280.15,20313.5
NIFTY 500,26-02-2024,20299.5,20335.75,20210.35,20255.8
NIFTY 500,27-02-2024,20249.25,20329.1,20234.95,20292.85
NIFTY 500,28-02-2024,20323.5,20335.65,19987.35,20020.4
NIFTY 500,29-02-2024,20009.25,20160.05,19901.3,20090.05
NIFTY 500,01-03-2024,20171.9,20360.2,20171.0,20349.8
NIFTY 500,02-03-2024,20419.55,20446.8,20400.2,20421.35
NIFTY 500,04-03-2024,20456.75,20482.6,20383.15,20432.05
NIFTY 500,05-03-2024,20422.3,20440.4,20328.0,20382.0
NIFTY 500,06-03-2024,20368.75,20396.75,20139.35,20379.55
NIFTY 500,07-03-2024,20413.65,20471.35,20384.5,20434.8
NIFTY 500,11-03-2024,20478.75,20483.25,20264.3,20288.75
NIFTY 500,12-03-2024,20299.8,20326.25,20135.3,20171.4
NIFTY 500,13-03-2024,20236.8,20247.9,19549.5,19646.3
NIFTY 500,14-03-2024,19598.4,19933.9,19514.7,19916.35
NIFTY 500,15-03-2024,19867.75,19942.4,19671.15,19825.2
NIFTY 500,18-03-2024,19804.3,19894.45,19709.2,19843.1
NIFTY 500,19-03-2024,19785.8,19798.95,19594.1,19610.55
NIFTY 500,20-03-2024,19651.7,19697.45,19465.85,19632.05
NIFTY 500,21-03-2024,19790.85,19916.45,19790.85,19897.4
NIFTY 500,22-03-2024,19855.0,20048.6,19806.7,19994.6
NIFTY 500,26-03-2024,19895.55,20044.5,19895.3,20005.25
NIFTY 500,27-03-2024,20063.0,20174.4,20063.0,20087.8
NIFTY 500,28-03-2024,20150.35,20380.5,20146.15,20255.15
NIFTY 500,01-04-2024,20392.25,20504.5,20387.05,20492.55
NIFTY 500,02-04-2024,20524.15,20579.25,20481.85,20569.75
NIFTY 500,03-04-2024,20528.2,20657.9,20496.55,20605.7
NIFTY 500,04-04-2024,20755.35,20772.4,20537.5,20664.65
NIFTY 500,05-04-2024,20654.75,20730.15,20609.9,20715.1
NIFTY 500,08-04-2024,20806.85,20866.1,20768.5,20819.1
NIFTY 500,09-04-2024,20912.75,20912.75,20741.5,20790.7
NIFTY 500,10-04-2024,20864.55,20933.85,20822.85,20915.2
NIFTY 500,12-04-2024,20873.2,20931.4,20735.15,20745.5
NIFTY 500,15-04-2024,20493.3,20623.8,20362.3,20478.75
NIFTY 500,16-04-2024,20361.25,20495.2,20326.25,20423.0
NIFTY 500,18-04-2024,20515.15,20617.1,20291.15,20324.7
NIFTY 500,19-04-2024,20178.25,20428.4,20038.35,20385.2
NIFTY 500,22-04-2024,20566.2,20604.1,20468.1,20574.85
NIFTY 500,23-04-2024,20687.9,20689.75,20621.55,20652.65
NIFTY 500,24-04-2024,20723.2,20772.55,20710.2,20730.65
NIFTY 500,25-04-2024,20690.85,20894.0,20686.7,20867.9
NIFTY 500,26-04-2024,20926.4,20941.1,20814.5,20839.35
NIFTY 500,29-04-2024,20911.1,21002.1,20847.85,20992.2
NIFTY 500,30-04-2024,21052.35,21146.5,20971.85,20997.2
NIFTY 500,02-05-2024,21010.45,21126.1,21009.35,21083.6
NIFTY 500,03-05-2024,21193.45,21208.7,20830.65,20959.55
NIFTY 500,06-05-2024,21044.1,21048.95,20805.05,20864.95
NIFTY 500,07-05-2024,20911.35,20914.9,20548.8,20636.05
NIFTY 500,08-05-2024,20586.8,20768.75,20516.25,20704.9
NIFTY 500,09-05-2024,20681.1,20736.25,20318.9,20344.8
NIFTY 500,10-05-2024,20398.0,20482.05,20299.1,20469.1
NIFTY 500,13-05-2024,20471.65,20540.25,20184.1,20511.0
NIFTY 500,14-05-2024,20544.35,20709.75,20508.0,20683.8
NIFTY 500,15-05-2024,20744.5,20811.25,20681.9,20741.85
NIFTY 500,16-05-2024,20846.85,20950.55,20667.8,20929.05
NIFTY 500,17-05-2024,20967.4,21078.65,20934.45,21064.55
NIFTY 500,18-05-2024,21131.45,21156.45,21115.8,21144.45
NIFTY 500,21-05-2024,21114.65,21224.7,21068.85,21187.65
NIFTY 500,22-05-2024,21255.2,21261.75,21103.2,21237.75
NIFTY 500,23-05-2024,21280.05,21505.25,21249.15,21489.55
NIFTY 500,24-05-2024,21483.0,21567.45,21444.95,21483.75
NIFTY 500,27-05-2024,21573.8,21613.6,21439.15,21493.0
NIFTY 500,28-05-2024,21542.5,21558.15,21345.35,21387.35
NIFTY 500,29-05-2024,21288.35,21356.15,21243.2,21256.3
NIFTY 500,30-05-2024,21201.8,21262.85,20983.95,21038.55
NIFTY 500,31-05-2024,21129.35,21177.25,21003.0,21103.3
NIFTY 500,03-06-2024,21926.6,21926.6,21629.3,21797.4
NIFTY 500,04-06-2024,21753.35,21753.35,19624.25,20323.85
NIFTY 500,05-06-2024,20570.75,21092.15,20116.6,21054.4
NIFTY 500,06-06-2024,21253.7,21462.8,21193.2,21365.0
NIFTY 500,07-06-2024,21390.2,21781.35,21333.5,21764.15
NIFTY 500,10-06-2024,21844.3,21930.5,21758.3,21808.25
NIFTY 500,11-06-2024,21856.35,21961.45,21782.35,21852.0
NIFTY 500,12-06-2024,21935.2,22023.9,21904.7,21960.95
NIFTY 500,13-06-2024,22120.75,22120.8,21992.15,22074.3
NIFTY 500,14-06-2024,22148.25,22229.4,22054.15,22214.3
NIFTY 500,18-06-2024,22323.55,22338.15,22253.35,22329.6
NIFTY 500,19-06-2024,22406.3,22406.3,22127.25,22224.9
NIFTY 500,20-06-2024,22293.55,22333.6,22182.2,22305.1
NIFTY 500,21-06-2024,22392.6,22393.3,22186.2,22236.2
NIFTY 500,24-06-2024,22150.65,22309.1,22073.65,22289.1
NIFTY 500,25-06-2024,22349.75,22391.75,22287.1,22370.65
NIFTY 500,26-06-2024,22379.5,22464.85,22309.5,22436.8
NIFTY 500,27-06-2024,22459.9,22571.65,22395.9,22537.4
NIFTY 500,28-06-2024,22592.25,22673.65,22537.7,22559.7
NIFTY 500,01-07-2024,22580.4,22739.7,22570.4,22727.6
NIFTY 500,02-07-2024,22806.3,22810.65,22592.2,22677.8
NIFTY 500,03-07-2024,22820.55,22871.65,22764.1,22851.2
NIFTY 500,04-07-2024,22937.6,22962.8,22866.7,22914.2
NIFTY 500,05-07-2024,22878.5,23011.8,22838.2,22987.65
NIFTY 500,08-07-2024,23029.35,23040.75,22897.95,22971.15
NIFTY 500,09-07-2024,23035.05,23082.35,22974.95,23067.35
NIFTY 500,10-07-2024,23124.15,23125.3,22685.65,22977.65
NIFTY 500,11-07-2024,23059.95,23063.1,22904.3,23005.25
NIFTY 500,12-07-2024,23086.25,23189.4,23021.4,23095.45
NIFTY 500,15-07-2024,23188.8,23234.3,23081.3,23209.85
NIFTY 500,16-07-2024,23258.2,23288.05,23181.35,23204.25
NIFTY 500,18-07-2024,23167.65,23233.85,22993.55,23210.05
NIFTY 500,19-07-2024,23232.5,23232.5,22833.0,22853.6
NIFTY 500,22-07-2024,22761.5,23001.05,22667.75,22942.65
NIFTY 500,23-07-2024,23022.8,23031.95,22307.2,22865.2
NIFTY 500,24-07-2024,22856.85,22965.45,22816.75,22921.45
NIFTY 500,25-07-2024,22753.2,22938.65,22732.2,22917.25
NIFTY 500,26-07-2024,22970.4,23306.75,22965.5,23292.05
NIFTY 500,29-07-2024,23423.15,23496.4,23326.05,23394.2
NIFTY 500,30-07-2024,23421.2,23530.0,23381.35,23440.9
NIFTY 500,31-07-2024,23495.85,23556.0,23459.6,23530.8
NIFTY 500,01-08-2024,23608.85,23637.75,23429.55,23506.6
NIFTY 500,02-08-2024,23296.1,23395.1,23225.65,23259.45
NIFTY 500,05-08-2024,22772.55,22868.35,22397.7,22542.45
NIFTY 500,06-08-2024,22696.95,22910.75,22406.05,22443.3
NIFTY 500,07-08-2024,22773.45,22870.85,22650.8,22848.9
NIFTY 500,08-08-2024,22842.0,22905.6,22676.0,22705.7
NIFTY 500,09-08-2024,22948.15,22982.45,22869.4,22923.5
NIFTY 500,12-08-2024,22862.9,22993.25,22753.75,22915.85
NIFTY 500,13-08-2024,22952.7,22962.75,22684.45,22705.8
NIFTY 500,14-08-2024,22765.65,22778.95,22599.95,22672.65
NIFTY 500,16-08-2024,22846.1,23071.75,22750.3,23056.5
NIFTY 500,19-08-2024,23174.2,23195.6,23104.1,23139.75
NIFTY 500,20-08-2024,23223.6,23292.7,23175.4,23280.35
NIFTY 500,21-08-2024,23283.75,23383.2,23256.25,23368.65
NIFTY 500,22-08-2024,23467.15,23474.85,23408.95,23440.7
NIFTY 500,23-08-2024,23485.3,23496.85,23401.0,23418.65
NIFTY 500,26-08-2024,23514.3,23579.75,23466.75,23561.75
NIFTY 500,27-08-2024,23592.0,23633.2,23555.55,23604.85
NIFTY 500,28-08-2024,23646.8,23679.35,23547.25,23615.95
NIFTY 500,29-08-2024,23618.25,23664.35,23494.45,23631.4
NIFTY 500,30-08-2024,23728.55,23766.4,23673.95,23734.55
NIFTY 500,02-09-2024,23835.2,23835.2,23693.65,23760.7
NIFTY 500,03-09-2024,23817.0,23817.55,23771.2,23788.45
NIFTY 500,04-09-2024,23611.8,23761.4,23605.35,23748.9
NIFTY 500,05-09-2024,23821.0,23836.35,23749.05,23762.8
NIFTY 500,06-09-2024,23746.0,23794.35,23434.9,23477.7
NIFTY 500,09-09-2024,23452.85,23526.55,23294.45,23502.15
NIFTY 500,10-09-2024,23591.85,23712.95,23531.65,23643.65
NIFTY 500,11-09-2024,23665.1,23723.05,23498.15,23531.25
NIFTY 500,12-09-2024,23680.0,23934.6,23593.6,23907.35
NIFTY 500,13-09-2024,23966.5,23966.55,23885.2,23928.2
NIFTY 500,16-09-2024,24006.15,24026.0,23917.5,23968.2
NIFTY 500,17-09-2024,24008.25,24008.25,23912.55,23969.9
NIFTY 500,18-09-2024,23972.55,24000.3,23800.85,23898.65
NIFTY 500,19-09-2024,24012.3,24078.0,23702.0,23853.95
NIFTY 500,20-09-2024,23956.55,24243.15,23885.0,24193.8
NIFTY 500,23-09-2024,24294.8,24393.7,24262.3,24379.2
NIFTY 500,24-09-2024,24390.05,24429.0,24353.75,24389.7
NIFTY 500,25-09-2024,24377.25,24394.35,24268.5,24371.25
NIFTY 500,26-09-2024,24399.15,24512.65,24338.4,24496.9
NIFTY 500,27-09-2024,24529.55,24573.4,24469.0,24489.55
NIFTY 500,30-09-2024,24410.0,24456.1,24217.4,24245.2
NIFTY 500,01-10-2024,24248.5,24329.45,24191.05,24271.3
NIFTY 500,03-10-2024,23931.85,24122.0,23713.0,23755.45
NIFTY 500,04-10-2024,23704.95,23920.3,23483.4,23534.95
NIFTY 500,07-10-2024,23616.35,23659.65,23089.5,23181.95
NIFTY 500,08-10-2024,23175.2,23544.8,23106.5,23512.55
NIFTY 500,09-10-2024,23600.1,23797.45,23570.7,23599.6
NIFTY 500,10-10-2024,23695.55,23755.5,23580.6,23598.15
NIFTY 500,11-10-2024,23608.3,23654.0,23546.3,23611.25
NIFTY 500,14-10-2024,23670.5,23740.2,23646.1,23727.05
NIFTY 500,15-10-2024,23800.4,23814.95,23662.3,23735.7
NIFTY 500,16-10-2024,23702.85,23768.15,23588.8,23673.15
NIFTY 500,17-10-2024,23717.3,23720.15,23366.0,23377.0
NIFTY 500,18-10-2024,23285.65,23471.2,23120.95,23440.7
NIFTY 500,21-10-2024,23527.6,23559.05,23224.55,23263.25
NIFTY 500,22-10-2024,23277.1,23306.2,22789.7,22814.45
NIFTY 500,23-10-2024,22751.8,22989.05,22673.3,22841.1
NIFTY 500,24-10-2024,22841.85,22893.2,22747.55,22787.85
NIFTY 500,25-10-2024,22819.8,22839.2,22362.8,22499.05
NIFTY 500,28-10-2024,22548.7,22756.05,22407.0,22649.95
NIFTY 500,29-10-2024,22670.8,22808.8,22450.0,22795.05
NIFTY 500,30-10-2024,22731.15,22896.55,22685.4,22749.8
NIFTY 500,31-10-2024,22758.6,22779.5,22621.1,22689.35
NIFTY 500,01-11-2024,22806.95,22881.5,22799.7,22823.55
NIFTY 500,04-11-2024,22831.8,22832.65,22362.65,22518.3
NIFTY 500,05-11-2024,22458.3,22697.5,22343.95,22679.85
NIFTY 500,06-11-2024,22782.2,23052.2,22720.3,23031.2
NIFTY 500,07-11-2024,23067.15,23073.55,22793.9,22806.25
NIFTY 500,08-11-2024,22821.9,22857.1,22600.25,22645.65
NIFTY 500,11-11-2024,22590.1,22770.55,22478.7,22591.4
NIFTY 500,12-11-2024,22664.2,22721.9,22286.85,22331.05
NIFTY 500,13-11-2024,22263.0,22309.8,21867.7,21914.95
NIFTY 500,14-11-2024,21924.1,22096.85,21907.55,21963.1
NIFTY 500,18-11-2024,22045.9,22049.15,21787.35,21899.4
NIFTY 500,19-11-2024,21977.65,22233.4,21948.45,22004.35
NIFTY 500,21-11-2024,21947.75,21954.2,21692.8,21820.85
NIFTY 500,22-11-2024,21864.65,22260.15,21819.2,22225.55
NIFTY 500,25-11-2024,22578.65,22676.25,22510.8,22553.5
NIFTY 500,26-11-2024,22649.3,22675.7,22523.0,22562.45
NIFTY 500,27-11-2024,22594.2,22732.1,22526.1,22691.7
NIFTY 500,28-11-2024,22722.3,22821.75,22472.25,22514.35
NIFTY 500,29-11-2024,22537.8,22733.75,22531.9,22687.0
NIFTY 500,02-12-2024,22695.4,22843.5,22603.1,22835.85
NIFTY 500,03-12-2024,22922.6,23029.55,22876.8,23020.85
NIFTY 500,04-12-2024,23075.95,23149.9,22978.85,23099.5
NIFTY 500,05-12-2024,23183.3,23357.1,22993.85,23277.95
NIFTY 500,06-12-2024,23315.8,23358.2,23221.7,23312.1
NIFTY 500,09-12-2024,23289.4,23351.9,23243.3,23292.0
NIFTY 500,10-12-2024,23328.8,23341.35,23216.25,23314.9
NIFTY 500,11-12-2024,23326.7,23394.2,23301.15,23358.15
NIFTY 500,12-12-2024,23348.7,23386.25,23242.75,23256.4
NIFTY 500,13-12-2024,23208.35,23378.55,22879.9,23358.95
NIFTY 500,16-12-2024,23370.55,23417.65,23281.2,23352.45
NIFTY 500,17-12-2024,23308.9,23349.1,23067.3,23095.75
NIFTY 500,18-12-2024,23076.95,23125.55,22876.7,22934.4
NIFTY 500,19-12-2024,22594.95,22782.25,22590.0,22752.15
NIFTY 500,20-12-2024,22783.65,22855.0,22279.9,22319.4
NIFTY 500,23-12-2024,22446.6,22535.2,22331.5,22412.3
NIFTY 500,24-12-2024,22431.6,22516.3,22340.1,22402.7
NIFTY 500,26-12-2024,22444.7,22492.3,22324.6,22430.35
NIFTY 500,27-12-2024,22473.9,22555.45,22435.55,22445.2
NIFTY 500,30-12-2024,22438.15,22522.4,22266.15,22357.15
NIFTY 500,31-12-2024,22273.7,22414.45,22160.15,22375.4
NIFTY 500,01-01-2025,22375.85,22518.7,22313.75,22481.8
NIFTY 500,02-01-2025,22521.75,22833.35,22482.7,22819.75
NIFTY 500,03-01-2025,22850.1,22867.85,22681.3,22708.15
NIFTY 500,06-01-2025,22753.65,22757.4,22163.55,22225.4
NIFTY 500,07-01-2025,22278.15,22435.5,22247.75,22341.65
NIFTY 500,08-01-2025,22378.15,22384.25,22065.2,22231.8
NIFTY 500,09-01-2025,22231.05,22239.2,22028.5,22046.55
NIFTY 500,10-01-2025,22049.4,22075.4,21738.45,21799.0
NIFTY 500,13-01-2025,21557.0,21630.55,21194.45,21243.45
NIFTY 500,14-01-2025,21328.0,21528.7,21325.0,21481.05
NIFTY 500,15-01-2025,21572.45,21634.6,21445.4,21551.2
NIFTY 500,16-01-2025,21734.4,21776.35,21687.45,21714.55
NIFTY 500,17-01-2025,21699.45,21730.85,21563.8,21680.25
NIFTY 500,20-01-2025,21769.95,21848.95,21628.5,21809.0
NIFTY 500,21-01-2025,21855.1,21863.05,21411.3,21433.2
NIFTY 500,22-01-2025,21484.45,21500.3,21178.8,21396.55
NIFTY 500,23-01-2025,21377.8,21595.0,21338.95,21538.05
NIFTY 500,24-01-2025,21533.05,21611.2,21279.0,21318.9
NIFTY 500,27-01-2025,21158.85,21163.0,20861.15,20910.95
NIFTY 500,28-01-2025,21009.2,21100.45,20757.9,20924.75
NIFTY 500,29-01-2025,20971.4,21259.85,20968.35,21245.5
NIFTY 500,30-01-2025,21282.1,21404.2,21209.6,21297.5
NIFTY 500,31-01-2025,21339.35,21613.0,21310.3,21580.9
NIFTY 500,01-02-2025,21628.65,21713.95,21388.2,21581.75
NIFTY 500,03-02-2025,21422.85,21445.95,21286.7,21402.55
NIFTY 500,04-02-2025,21551.4,21743.55,21474.45,21727.45
NIFTY 500,05-02-2025,21797.7,21870.4,21763.7,21784.25
NIFTY 500,06-02-2025,21860.1,21870.9,21620.15,21672.45
NIFTY 500,07-02-2025,21703.75,21765.15,21521.75,21646.15
NIFTY 500,10-02-2025,21636.2,21659.25,21301.85,21371.3
NIFTY 500,11-02-2025,21366.25,21376.45,20860.6,20950.45
NIFTY 500,12-02-2025,20924.15,21002.0,20545.75,20907.85
NIFTY 500,13-02-2025,20926.0,21122.0,20866.5,20904.35
NIFTY 500,14-02-2025,20964.6,20984.7,20476.65,20633.1
NIFTY 500,17-02-2025,20511.05,20667.55,20339.0,20652.35
NIFTY 500,18-02-2025,20663.6,20692.3,20466.75,20611.4
NIFTY 500,19-02-2025,20511.2,20802.55,20459.2,20731.45
NIFTY 500,20-02-2025,20645.7,20840.35,20630.2,20831.1
NIFTY 500,21-02-2025,20792.05,20903.35,20616.6,20690.25
NIFTY 500,24-02-2025,20510.95,20546.05,20429.3,20468.45
NIFTY 500,25-02-2025,20445.55,20548.9,20388.75,20418.75
NIFTY 500,27-02-2025,20436.5,20471.85,20278.65,20315.55
NIFTY 500,28-02-2025,20185.4,20197.85,19816.0,19880.9
NIFTY 500,03-03-2025,19935.55,19997.05,19658.3,19896.95
NIFTY 500,04-03-2025,19736.05,19957.5,19681.65,19917.85
NIFTY 500,05-03-2025,19901.6,20265.05,19901.6,20256.5
NIFTY 500,06-03-2025,20411.45,20467.15,20262.75,20447.1
NIFTY 500,07-03-2025,20428.15,20549.2,20377.6,20443.4
NIFTY 500,10-03-2025,20434.95,20543.7,20230.65,20266.5
NIFTY 500,11-03-2025,20122.55,20333.75,20073.4,20302.5
NIFTY 500,12-03-2025,20351.9,20397.95,20108.7,20264.35
NIFTY 500,13-03-2025,20337.85,20357.3,20157.5,20176.05
NIFTY 500,17-03-2025,20166.6,20358.25,20166.5,20288.3
NIFTY 500,18-03-2025,20418.55,20676.95,20370.2,20657.2
NIFTY 500,19-03-2025,20713.25,20895.25,20664.0,20864.5
NIFTY 500,20-03-2025,20989.35,21092.2,20873.55,21070.05
NIFTY 500,21-03-2025,21065.25,21297.0,21031.45,21273.9
NIFTY 500,24-03-2025,21427.2,21595.85,21346.8,21538.1
NIFTY 500,25-03-2025,21652.85,21674.05,21385.8,21437.75
NIFTY 500,26-03-2025,21464.95,21525.6,21255.7,21275.45
NIFTY 500,27-03-2025,21218.4,21447.9,21195.7,21407.95
NIFTY 500,28-03-2025,21439.2,21514.1,21277.9,21339.55
NIFTY 500,01-04-2025,21227.1,21398.35,21042.45,21070.75
NIFTY 500,02-04-2025,21101.85,21279.1,21007.15,21265.65
NIFTY 500,03-04-2025,21100.55,21263.45,21096.75,21243.4
NIFTY 500,04-04-2025,21199.2,21212.1,20736.8,20805.35
NIFTY 500,07-04-2025,19524.25,20189.35,19519.85,20105.7
NIFTY 500,08-04-2025,20430.1,20588.4,20227.15,20480.8
NIFTY 500,09-04-2025,20422.95,20423.25,20252.35,20356.75
NIFTY 500,11-04-2025,20684.85,20817.5,20629.0,20752.85
NIFTY 500,15-04-2025,21199.05,21302.75,21067.6,21279.4
NIFTY 500,16-04-2025,21302.75,21414.85,21246.4,21404.35
NIFTY 500,17-04-2025,21379.35,21704.1,21296.35,21681.55
NIFTY 500,21-04-2025,21787.05,22033.75,21732.45,22005.75
NIFTY 500,22-04-2025,22072.0,22157.95,21953.4,22085.15
NIFTY 500,23-04-2025,22238.6,22263.85,21988.35,22237.6
NIFTY 500,24-04-2025,22217.65,22270.15,22155.4,22180.65
NIFTY 500,25-04-2025,22220.3,22271.85,21661.6,21848.15
NIFTY 500,28-04-2025,21843.45,22125.45,21841.4,22101.85
NIFTY 500,29-04-2025,22160.75,22255.9,22084.55,22112.4
NIFTY 500,30-04-2025,22119.2,22175.0,21920.55,22030.05
NIFTY 500,02-05-2025,22009.95,22238.9,21920.85,22006.0
NIFTY 500,05-05-2025,22086.25,22209.95,22070.95,22195.15
NIFTY 500,06-05-2025,22235.6,22244.5,21916.9,21956.6
NIFTY 500,07-05-2025,21756.8,22084.7,21752.9,22072.45
NIFTY 500,08-05-2025,22109.35,22145.2,21730.55,21843.05
NIFTY 500,09-05-2025,21463.75,21716.05,21463.75,21675.55
NIFTY 500,12-05-2025,22149.4,22525.0,22126.4,22511.4
NIFTY 500,13-05-2025,22491.5,22575.7,22317.5,22349.4
NIFTY 500,14-05-2025,22402.65,22544.9,22366.4,22499.5
NIFTY 500,15-05-2025,22547.05,22814.1,22408.65,22788.8
NIFTY 500,16-05-2025,22825.55,22885.35,22750.35,22870.9
NIFTY 500,19-05-2025,22896.25,22965.05,22827.65,22865.8
NIFTY 500,20-05-2025,22942.65,22958.6,22565.55,22585.6
NIFTY 500,21-05-2025,22632.4,22811.95,22577.4,22730.65
NIFTY 500,22-05-2025,22674.0,22675.35,22464.45,22595.0
NIFTY 500,23-05-2025,22628.75,22813.25,22580.8,22781.05
NIFTY 500,26-05-2025,22852.7,22970.7,22845.4,22908.3
NIFTY 500,27-05-2025,22895.05,22963.1,22721.8,22816.5
NIFTY 500,28-05-2025,22843.25,22871.2,22765.7,22779.4
NIFTY 500,29-05-2025,22859.45,22899.15,22750.15,22861.35
NIFTY 500,30-05-2025,22868.25,22912.3,22759.15,22801.95
NIFTY 500,02-06-2025,22758.6,22863.35,22664.15,22834.5
NIFTY 500,03-06-2025,22906.2,22946.15,22691.25,22711.3
NIFTY 500,04-06-2025,22742.2,22823.95,22667.9,22807.85
NIFTY 500,05-06-2025,22879.2,23026.3,22828.85,22934.5
NIFTY 500,06-06-2025,22962.0,23180.35,22891.6,23165.1
NIFTY 500,09-06-2025,23308.65,23335.35,23254.55,23330.55
NIFTY 500,10-06-2025,23422.3,23423.8,23287.35,23339.95
NIFTY 500,11-06-2025,23376.6,23423.6,23271.4,23337.85
NIFTY 500,12-06-2025,23363.5,23370.3,23009.65,23046.45
NIFTY 500,13-06-2025,22631.7,22932.25,22631.7,22906.2
NIFTY 500,16-06-2025,22914.85,23106.7,22789.4,23095.05
NIFTY 500,17-06-2025,23126.8,23128.5,22959.15,22981.5
NIFTY 500,18-06-2025,22937.75,23066.85,22868.35,22925.2
NIFTY 500,19-06-2025,22921.6,22973.15,22712.55,22763.5
NIFTY 500,20-06-2025,22760.65,23064.7,22760.6,23041.1
NIFTY 500,23-06-2025,22880.35,23063.35,22837.8,23001.5
NIFTY 500,24-06-2025,23212.3,23307.95,23074.25,23113.2
NIFTY 500,25-06-2025,23216.15,23303.65,23190.85,23296.85
NIFTY 500,26-06-2025,23341.2,23529.65,23319.85,23517.55
NIFTY 500,27-06-2025,23566.7,23644.35,23538.55,23620.15
NIFTY 500,30-06-2025,23672.35,23677.55,23563.0,23617.2
NIFTY 500,01-07-2025,23659.75,23669.95,23558.9,23615.45
NIFTY 500,02-07-2025,23653.05,23669.3,23463.85,23547.25
NIFTY 500,03-07-2025,23591.8,23647.1,23503.55,23521.85
NIFTY 500,04-07-2025,23553.45,23570.9,23448.9,23562.45
NIFTY 500,07-07-2025,23561.6,23595.3,23506.5,23551.2
NIFTY 500,08-07-2025,23540.6,23600.35,23469.95,23572.55
NIFTY 500,09-07-2025,23576.45,23613.9,23513.85,23557.45
NIFTY 500,10-07-2025,23595.85,23605.5,23444.95,23471.4
NIFTY 500,11-07-2025,23408.8,23462.35,23256.3,23282.7
NIFTY 500,14-07-2025,23290.15,23329.2,23200.1,23309.05
NIFTY 500,15-07-2025,23334.55,23469.45,23332.8,23449.15
NIFTY 500,16-07-2025,23458.9,23502.9,23403.5,23472.5
NIFTY 500,17-07-2025,23507.65,23514.7,23409.05,23419.7
NIFTY 500,18-07-2025,23430.0,23449.45,23240.85,23275.15
NIFTY 500,21-07-2025,23296.75,23394.5,23184.9,23378.45
NIFTY 500,22-07-2025,23449.75,23456.0,23306.4,23320.9
NIFTY 500,23-07-2025,23382.4,23435.55,23296.0,23428.4
NIFTY 500,24-07-2025,23447.35,23449.4,23257.6,23301.1
NIFTY 500,25-07-2025,23255.25,23255.25,22993.0,23014.8
NIFTY 500,28-07-2025,22967.4,23094.85,22818.15,22846.95
NIFTY 500,29-07-2025,22793.0,23024.15,22777.7,23007.35
NIFTY 500,30-07-2025,23064.25,23070.35,22959.45,23033.55
NIFTY 500,31-07-2025,22804.2,23071.25,22802.15,22914.95
NIFTY 500,01-08-2025,22901.6,22917.85,22646.75,22673.65
NIFTY 500,04-08-2025,22699.7,22871.6,22648.6,22860.4
NIFTY 500,05-08-2025,22869.5,22878.1,22736.05,22798.5
NIFTY 500,06-08-2025,22807.55,22818.2,22622.35,22666.85
NIFTY 500,07-08-2025,22563.4,22726.9,22425.85,22694.1
NIFTY 500,08-08-2025,22680.9,22690.35,22419.7,22443.15
NIFTY 500,11-08-2025,22447.55,22650.1,22406.0,22633.45
NIFTY 500,12-08-2025,22633.65,22730.25,22554.3,22568.6
NIFTY 500,13-08-2025,22655.15,22733.8,22624.45,22698.1
NIFTY 500,14-08-2025,22713.65,22754.15,22646.7,22680.25
NIFTY 500,18-08-2025,22958.3,23040.85,22913.05,22931.5
NIFTY 500,19-08-2025,22959.5,23077.1,22908.15,23066.6
NIFTY 500,20-08-2025,23067.7,23171.15,23025.85,23143.15
NIFTY 500,21-08-2025,23221.75,23230.95,23126.75,23137.15
NIFTY 500,22-08-2025,23133.85,23144.55,22980.85,22991.3
NIFTY 500,25-08-2025,23069.3,23106.9,23022.1,23052.0
NIFTY 500,26-08-2025,22994.85,23013.05,22746.75,22768.65
NIFTY 500,28-08-2025,22762.25,22762.25,22529.6,22541.65
NIFTY 500,29-08-2025,22524.15,22624.7,22443.8,22462.95
NIFTY 500,01-09-2025,22491.9,22720.55,22491.9,22713.55
NIFTY 500,02-09-2025,22758.2,22858.2,22678.45,22724.4
NIFTY 500,03-09-2025,22764.0,22877.35,22709.2,22864.65
NIFTY 500,04-09-2025,23116.9,23116.9,22795.0,22819.65
NIFTY 500,05-09-2025,22891.75,22916.0,22718.5,22829.15
NIFTY 500,08-09-2025,22892.8,22974.85,22835.9,22878.65
NIFTY 500,09-09-2025,22949.55,22964.05,22893.05,22949.1
NIFTY 500,10-09-2025,23056.8,23121.75,23027.05,23074.15
NIFTY 500,11-09-2025,23073.45,23128.55,23065.7,23102.65
NIFTY 500,12-09-2025,23171.55,23210.4,23129.9,23190.25
NIFTY 500,15-09-2025,23213.15,23249.2,23182.05,23215.85
NIFTY 500,16-09-2025,23240.25,23386.65,23217.3,23369.3
NIFTY 500,17-09-2025,23419.1,23464.4,23395.75,23445.2
NIFTY 500,18-09-2025,23534.15,23538.9,23434.45,23518.9
NIFTY 500,19-09-2025,23530.6,23541.3,23451.6,23486.65
NIFTY 500,22-09-2025,23434.75,23523.55,23335.1,23381.45
NIFTY 500,23-09-2025,23408.2,23434.3,23253.1,23325.25
NIFTY 500,24-09-2025,23293.4,23317.2,23165.95,23178.25
NIFTY 500,25-09-2025,23169.45,23235.55,23009.55,23022.4
NIFTY 500,26-09-2025,22965.9,22994.15,22692.7,22713.15
NIFTY 500,29-09-2025,22783.9,22865.1,22677.0,22739.1
NIFTY 500,30-09-2025,22793.65,22829.2,22669.3,22734.1
NIFTY 500,01-10-2025,22745.95,22943.2,22726.25,22928.3
NIFTY 500,03-10-2025,22905.1,23037.5,22874.15,23027.7
NIFTY 500,06-10-2025,23055.15,23177.25,23008.3,23169.65
NIFTY 500,07-10-2025,23191.35,23275.1,23170.85,23209.5
NIFTY 500,08-10-2025,23197.95,23265.2,23087.9,23109.35
NIFTY 500,09-10-2025,23144.3,23251.65,23101.85,23241.75
NIFTY 500,10-10-2025,23247.45,23374.25,23220.05,23337.55
NIFTY 500,13-10-2025,23245.05,23315.65,23201.55,23294.8
NIFTY 500,14-10-2025,23349.75,23374.0,23121.5,23184.05
NIFTY 500,15-10-2025,23227.55,23400.95,23224.15,23377.35
NIFTY 500,16-10-2025,23443.3,23592.85,23428.15,23563.8
NIFTY 500,17-10-2025,23547.0,23679.05,23515.85,23598.05
NIFTY 500,20-10-2025,23699.35,23766.55,23654.75,23716.1
NIFTY 500,21-10-2025,23791.9,23818.35,23723.4,23759.2
NIFTY 500,23-10-2025,23899.75,23926.1,23727.6,23755.9
NIFTY 500,24-10-2025,23796.2,23802.75,23622.8,23686.6
NIFTY 500,27-10-2025,23742.7,23856.3,23723.4,23840.9
NIFTY 500,28-10-2025,23844.75,23907.55,23717.05,23812.55
NIFTY 500,29-10-2025,23851.55,23971.55,23821.3,23952.4
NIFTY 500,30-10-2025,23933.65,23949.75,23804.45,23841.3
NIFTY 500,31-10-2025,23847.6,23913.45,23698.05,23710.4
NIFTY 500,03-11-2025,23711.95,23840.1,23695.15,23810.7
NIFTY 500,04-11-2025,23811.3,23829.7,23660.2,23675.45
NIFTY 500,06-11-2025,23683.35,23713.4,23501.05,23513.15
NIFTY 500,07-11-2025,23441.05,23570.1,23291.2,23521.5
NIFTY 500,10-11-2025,23545.35,23658.85,23542.1,23596.9
NIFTY 500,11-11-2025,23634.65,23693.8,23476.3,23682.65
NIFTY 500,12-11-2025,23796.95,23874.85,23766.2,23836.9
NIFTY 500,13-11-2025,23867.65,23935.1,23793.65,23816.0
NIFTY 500,14-11-2025,23751.25,23858.3,23717.0,23836.35
NIFTY 500,17-11-2025,23889.55,23964.75,23863.55,23954.55
NIFTY 500,18-11-2025,23970.45,23973.05,23800.95,23824.65
NIFTY 500,19-11-2025,23832.55,23924.3,23766.6,23906.3
NIFTY 500,20-11-2025,23984.4,24032.1,23918.8,23975.45
NIFTY 500,21-11-2025,23917.5,23938.3,23776.3,23790.25
NIFTY 500,24-11-2025,23827.25,23835.2,23642.55,23674.55
NIFTY 500,25-11-2025,23700.55,23745.5,23635.8,23655.05
NIFTY 500,26-11-2025,23654.75,23965.35,23654.75,23955.2
NIFTY 500,27-11-2025,24011.9,24026.25,23879.6,23947.75
NIFTY 500,28-11-2025,23968.8,23979.7,23907.75,23933.2
NIFTY 500,01-12-2025,24034.95,24035.0,23871.75,23922.45
NIFTY 500,02-12-2025,23870.6,23925.85,23782.75,23822.25
NIFTY 500,03-12-2025,23813.45,23845.8,23641.75,23716.3
NIFTY 500,04-12-2025,23718.1,23820.45,23680.25,23741.1
NIFTY 500,05-12-2025,23720.7,23848.45,23672.35,23835.25
NIFTY 500,08-12-2025,23821.75,23833.15,23460.7,23526.2
NIFTY 500,09-12-2025,23447.05,23556.35,23259.7,23516.25
NIFTY 500,10-12-2025,23540.15,23628.3,23386.8,23408.8
NIFTY 500,11-12-2025,23421.9,23562.15,23344.25,23550.85
NIFTY 500,12-12-2025,23620.35,23737.7,23613.0,23726.2
NIFTY 500,15-12-2025,23654.0,23735.7,23591.3,23725.2
NIFTY 500,16-12-2025,23676.8,23687.35,23542.55,23570.15
NIFTY 500,17-12-2025,23597.6,23635.05,23449.5,23496.05
NIFTY 500,18-12-2025,23469.8,23553.25,23363.5,23491.5
NIFTY 500,19-12-2025,23562.65,23688.35,23548.95,23677.55
NIFTY 500,22-12-2025,23760.95,23878.65,23743.25,23867.65
NIFTY 500,23-12-2025,23906.1,23929.25,23825.15,23895.15
NIFTY 500,24-12-2025,23903.1,23956.8,23836.55,23850.25
NIFTY 500,26-12-2025,23841.95,23885.35,23752.55,23780.25
NIFTY 500,29-12-2025,23804.4,23826.75,23660.3,23682.1
NIFTY 500,30-12-2025,23675.3,23704.2,23599.9,23668.8
NIFTY 500,31-12-2025,23710.45,23921.45,23709.55,23871.55
NIFTY 500,01-01-2026,23914.65,23925.55,23835.55,23909.55
NIFTY 500,02-01-2026,23935.95,24107.7,23921.45,24099.0
NIFTY 500,05-01-2026,24123.1,24144.2,23999.15,24058.45
NIFTY 500,06-01-2026,24042.9,24089.75,23941.4,24010.5
NIFTY 500,07-01-2026,23995.85,24050.55,23942.25,24016.6
NIFTY 500,08-01-2026,23996.2,24010.45,23657.35,23680.1
NIFTY 500,09-01-2026,23646.75,23741.75,23407.7,23467.35
NIFTY 500,12-01-2026,23459.4,23533.45,23199.5,23510.45
NIFTY 500,13-01-2026,23603.45,23627.05,23336.05,23480.65
NIFTY 500,14-01-2026,23422.1,23558.7,23399.9,23475.85
NIFTY 500,16-01-2026,23502.85,23652.7,23455.5,23485.3
NIFTY 500,19-01-2026,23443.3,23443.35,23324.85,23373.75
NIFTY 500,20-01-2026,23365.65,23368.15,22888.65,22946.65
NIFTY 500,21-01-2026,22864.5,22981.8,22586.8,22835.15
NIFTY 500,22-01-2026,23013.45,23144.55,22888.5,23008.75
NIFTY 500,23-01-2026,23072.3,23073.35,22679.7,22706.2
NIFTY 500,27-01-2026,22752.7,22886.95,22562.95,22819.25
NIFTY 500,28-01-2026,22899.6,23101.75,22884.5,23082.1
NIFTY 500,29-01-2026,23107.5,23158.6,22922.6,23134.8
NIFTY 500,30-01-2026,22994.3,23110.2,22916.0,23079.5
NIFTY 500,01-02-2026,23067.5,23160.1,22337.3,22611.3
NIFTY 500,02-02-2026,22595.45,22869.7,22408.5,22837.0
NIFTY 500,03-02-2026,23870.2,23912.35,23355.5,23446.3
NIFTY 500,04-02-2026,23414.1,23562.7,23284.45,23534.95
NIFTY 500,05-02-2026,23509.75,23509.95,23337.35,23411.7
NIFTY 500,06-02-2026,23366.5,23447.0,23211.4,23434.0
NIFTY 500,09-02-2026,23600.85,23693.05,23535.4,23683.4
NIFTY 500,10-02-2026,23752.6,23796.4,23691.5,23753.75
NIFTY 500,11-02-2026,23808.1,23811.15,23707.15,23783.05
NIFTY 500,12-02-2026,23753.8,23753.8,23589.05,23651.55
NIFTY 500,13-02-2026,23448.7,23464.05,23285.0,23313.15
NIFTY 500,16-02-2026,23248.55,23487.35,23190.2,23472.45
NIFTY 500,17-02-2026,23445.3,23563.25,23394.8,23540.05
NIFTY 500,18-02-2026,23571.5,23657.75,23490.35,23645.8
NIFTY 500,19-02-2026,23691.6,23697.9,23235.35,23297.45
NIFTY 500,20-02-2026,23252.75,23467.4,23221.15,23395.0
NIFTY 500,23-02-2026,23493.3,23566.85,23394.25,23484.95
NIFTY 500,24-02-2026,23418.1,23418.1,23168.05,23304.6
NIFTY 500,25-02-2026,23388.45,23500.1,23325.9,23403.8
NIFTY 500,26-02-2026,23462.05,23502.95,23340.75,23448.5
NIFTY 500,27-02-2026,23423.95,23433.55,23136.75,23166.85
NIFTY 500,02-03-2026,22547.0,22992.35,22539.65,22835.95
NIFTY 500,04-03-2026,22438.0,22517.4,22283.15,22409.8
NIFTY 500,05-03-2026,22536.75,22760.85,22468.2,22697.8
NIFTY 500,06-03-2026,22621.55,22701.6,22456.45,22481.3
NIFTY 500,09-03-2026,21995.15,22090.7,21743.15,22056.55
NIFTY 500,10-03-2026,22310.8,22385.65,22141.85,22342.95
NIFTY 500,11-03-2026,22351.85,22440.9,22009.3,22042.3
NIFTY 500,12-03-2026,21888.4,22059.6,21703.9,21897.5
NIFTY 500,13-03-2026,21763.25,21780.75,21351.1,21391.2
NIFTY 500,16-03-2026,21355.95,21593.25,21110.0,21498.8
NIFTY 500,17-03-2026,21585.05,21729.65,21446.15,21669.3
NIFTY 500,18-03-2026,21721.45,21990.4,21713.4,21917.4
NIFTY 500,19-03-2026,21466.4,21562.8,21156.2,21225.8
NIFTY 500,20-03-2026,21349.95,21558.0,21294.85,21327.9
NIFTY 500,23-03-2026,21079.6,21090.05,20611.8,20664.25
NIFTY 500,24-03-2026,21045.45,21183.15,20743.9,21067.0
NIFTY 500,25-03-2026,21236.25,21612.45,21236.05,21478.2
NIFTY 500,27-03-2026,21357.35,21364.35,21007.15,21020.15
NIFTY 500,30-03-2026,20762.35,20889.25,20490.45,20528.05
NIFTY 500,01-04-2026,21067.15,21153.25,20867.4,20935.15
NIFTY 500,02-04-2026,20666.7,20990.05,20385.65,20938.35
NIFTY 500,06-04-2026,20990.85,21217.95,20789.45,21194.05
NIFTY 500,07-04-2026,21085.3,21313.1,20959.35,21296.45
NIFTY 500,08-04-2026,21998.6,22159.5,21952.4,22137.1
NIFTY 500,09-04-2026,22090.7,22189.5,21943.2,22037.5
NIFTY 500,10-04-2026,22151.05,22364.3,22133.15,22346.75
NIFTY 500,13-04-2026,21906.15,22244.9,21816.35,22179.05
NIFTY 500,15-04-2026,22506.95,22621.9,22496.75,22595.55
NIFTY 500,16-04-2026,22757.05,22792.25,22529.65,22656.3
NIFTY 500,17-04-2026,22660.55,22882.15,22605.15,22869.4
NIFTY 500,20-04-2026,22906.65,22987.6,22717.55,22865.8
NIFTY 500,21-04-2026,22898.95,23064.35,22893.6,23042.35
NIFTY 500,22-04-2026,22975.85,23054.5,22923.55,22991.5
NIFTY 500,23-04-2026,22873.15,22957.6,22788.6,22810.85
NIFTY 500,24-04-2026,22788.8,22872.05,22472.5,22570.05
NIFTY 500,27-04-2026,22645.85,22853.85,22640.85,22821.4
NIFTY 500,28-04-2026,22808.15,22904.0,22733.9,22765.6
NIFTY 500,29-04-2026,22875.3,23026.95,22825.15,22871.0
NIFTY 500,30-04-2026,22736.8,22759.0,22498.0,22683.55
NIFTY 500,04-05-2026,22783.8,22954.3,22709.75,22830.75
NIFTY 500,05-05-2026,22796.65,22842.25,22672.8,22808.25
NIFTY 500,06-05-2026,22978.95,23150.9,22849.95,23133.4
NIFTY 500,07-05-2026,23219.35,23304.5,23142.45,23214.0
NIFTY 500,08-05-2026,23166.05,23185.65,23080.3,23115.65
NIFTY 500,11-05-2026,22957.4,22962.15,22777.45,22795.75
NIFTY 500,12-05-2026,22728.7,22768.1,22270.95,22299.9
NIFTY 500,13-05-2026,22292.15,22532.0,22208.5,22377.35
NIFTY 500,14-05-2026,22505.0,22675.8,22338.65,22613.1
NIFTY 500,15-05-2026,22664.4,22710.85,22502.6,22531.15
NIFTY 500,18-05-2026,22382.0,22494.1,22150.5,22461.05
NIFTY 500,19-05-2026,22501.15,22646.65,22485.45,22521.75
NIFTY 500,20-05-2026,22379.85,22597.65,22316.45,22578.15
NIFTY 500,21-05-2026,22745.9,22781.0,22557.0,22602.85
NIFTY 500,22-05-2026,22639.7,22727.9,22604.8,22651.3
NIFTY 500,25-05-2026,22859.5,22949.95,22849.1,22929.45
NIFTY 500,26-05-2026,22925.65,23015.0,22858.2,22897.2
NIFTY 500,27-05-2026,22895.75,22999.45,22886.45,22967.4
NIFTY 500,29-05-2026,23012.8,23075.25,22598.45,22657.0
NIFTY 500,01-06-2026,22760.8,22810.2,22414.8,22437.95
NIFTY 500,02-06-2026,22302.05,22563.25,22253.0,22521.1
NIFTY 500,03-06-2026,22488.15,22505.0,22202.6,22451.85
NIFTY 500,04-06-2026,22362.4,22559.85,22328.35,22497.7
NIFTY 500,05-06-2026,22569.45,22614.65,22379.05,22465.35
NIFTY 500,08-06-2026,22191.55,22357.7,22119.3,22173.7
NIFTY 500,09-06-2026,22298.85,22390.5,22233.45,22370.15
NIFTY 500,10-06-2026,22377.0,22455.9,22200.35,22233.85
NIFTY 500,11-06-2026,22128.55,22258.9,22063.75,22114.45
NIFTY 500,12-06-2026,22376.45,22618.7,22295.15,22599.8
NIFTY 500,15-06-2026,22955.8,23019.45,22859.65,22891.3
NIFTY 500,16-06-2026,22962.45,23009.4,22902.35,22997.25
NIFTY 500,17-06-2026,23048.7,23120.9,22990.95,23109.7
NIFTY 500,18-06-2026,23129.9,23221.35,23090.35,23206.45
NIFTY 500,19-06-2026,23082.7,23174.65,23023.35,23144.2
NIFTY 500,22-06-2026,23240.9,23289.75,23213.85,23261.85
NIFTY 500,23-06-2026,23260.0,23302.25,22976.95,23010.95
NIFTY 500,24-06-2026,22992.9,23183.6,22941.05,23126.3
NIFTY 500,25-06-2026,23224.4,23289.95,23093.9,23113.7
NIFTY 500,29-06-2026,23112.6,23148.75,22943.85,23000.0
NIFTY 500,30-06-2026,23074.15,23088.95,22932.05,22995.65
NIFTY 500,01-07-2026,23038.65,23144.1,23032.95,23111.65
NIFTY 500,02-07-2026,23182.05,23276.2,23170.75,23264.8
NIFTY 500,03-07-2026,23416.65,23416.65,23284.3,23301.15
NIFTY 500,06-07-2026,23342.5,23447.3,23319.65,23433.95
NIFTY 500,07-07-2026,23472.4,23485.35,23332.9,23368.85
NIFTY 500,08-07-2026,23239.65,23307.0,22822.8,22908.05
NIFTY 500,09-07-2026,22958.35,23175.25,22956.4,23081.15
NIFTY 500,10-07-2026,23239.7,23358.35,23234.45,23348.4
NIFTY 500,13-07-2026,23194.8,23379.35,23135.3,23347.05
NIFTY 500,14-07-2026,23235.25,23287.45,23167.85,23199.45
NIFTY 500,15-07-2026,23250.85,23368.9,23203.95,23263.9
NIFTY 500,16-07-2026,23332.8,23348.2,23212.9,23232.65
NIFTY 500,17-07-2026,23272.3,23357.9,23235.05,23336.3
NIFTY 500,20-07-2026,23244.3,23363.3,23219.45,23338.05
NIFTY 500,21-07-2026,23340.7,23383.1,23286.15,23352.15
NIFTY 500,22-07-2026,23334.3,23335.6,23118.05,23145.05
NIFTY 500,23-07-2026,23069.1,23148.9,22937.75,22982.4
NIFTY 500,24-07-2026,22805.55,22956.95,22713.5,22913.3
NIFTY 500,27-07-2026,23070.6,23160.6,23061.35,23153.1
NIFTY 500,28-07-2026,23146.65,23172.1,23087.1,23114.9
NIFTY 500,29-07-2026,23261.05,23377.8,23233.4,23352.6
NIFTY 500,30-07-2026,23347.2,23384.65,23274.15,23353.55
NIFTY 500,31-07-2026,23409.85,23506.55,23375.55,23460.7
NIFTY 500,03-08-2026,23619.15,23803.75,23578.55,23802.85
NIFTY 500,04-08-2026,23771.45,23771.45,23573.6,23690.15
NIFTY 500,05-08-2026,23779.35,23782.7,23643.3,23735.55
NIFTY 500,06-08-2026,23756.15,23783.85,23708.55,23729.45
NIFTY 500,07-08-2026,23665.6,23754.5,23657.1,23712.1
NIFTY 500,10-08-2026,23732.75,23777.4,23667.4,23743.2
NIFTY 500,11-08-2026,23755.4,23756.05,23638.55,23681.15
NIFTY 500,12-08-2026,23689.55,23690.05,23526.2,23672.45
NIFTY 500,13-08-2026,23678.7,23678.7,23585.6,23658.1
NIFTY 500,14-08-2026,23635.65,23638.3,23564.3,23594.9
NIFTY 500,17-08-2026,23581.75,23617.3,23488.45,23564.45
NIFTY 500,18-08-2026,23521.85,23555.3,23470.9,23472.4
NIFTY 500,19-08-2026,23475.35,23488.25,23348.3,23386.2
NIFTY 500,20-08-2026,23519.8,23565.9,23491.6,23512.95
NIFTY 500,21-08-2026,23554.15,23554.15,23477.0,23530.3
NIFTY 500,24-08-2026,23560.6,23587.85,23454.1,23511.75
NIFTY 500,25-08-2026,23483.95,23613.9,23423.35,23611.6
NIFTY 500,26-08-2026,23641.35,23684.1,23557.95,23559.2
NIFTY 500,27-08-2026,23615.65,23642.85,23480.15,23482.0
NIFTY 500,28-08-2026,23513.05,23552.3,23451.1,23528.55
NIFTY 500,31-08-2026,23477.75,23485.15,23307.2,23450.35
