Date,NSE_Return_Pct,BSE_Return_Pct,Z_Score,Verified_Historical_Event,Verdict
2022-02-14,-3.3,-3.27,-3.67,Broad-Market Sentiment Shock / Co-movement,Legitimate Market Shock (Retained to avoid downside risk censorship)
2022-02-24,-5.04,-5.06,-5.59,Russia-Ukraine War Outbreak (Global Market Selloff),Legitimate Market Shock (Retained to avoid downside risk censorship)
2024-06-03,3.29,3.31,3.57,Lok Sabha Exit Poll Euphoria Rally,Legitimate Market Shock (Retained to avoid downside risk censorship)
2024-06-04,-6.76,-6.72,-7.48,Lok Sabha Election Results Day (Counting Volatility),Legitimate Market Shock (Retained to avoid downside risk censorship)
2024-06-05,3.59,3.6,3.9,Post-Election Coalition Clarity Rebound,Legitimate Market Shock (Retained to avoid downside risk censorship)
2025-04-07,-3.36,-3.29,-3.74,Global Tech / Tariff Macro Correction,Legitimate Market Shock (Retained to avoid downside risk censorship)
2025-05-12,3.86,3.83,4.19,Macro Recovery & FII Inflow Spike,Legitimate Market Shock (Retained to avoid downside risk censorship)
2026-03-19,-3.16,-3.13,-3.52,Broad-Market Sentiment Shock / Co-movement,Legitimate Market Shock (Retained to avoid downside risk censorship)
2026-04-08,3.95,3.88,4.29,Broad-Market Sentiment Shock / Co-movement,Legitimate Market Shock (Retained to avoid downside risk censorship)
